user_id,movies_rated_gt_3,movies_rated_lte_3,random_movies_gt_3,random_movies_lte_3
0,"[201, 170, 252, 112, 63, 227, 113, 220, 59, 176, 173, 81, 234, 5, 95, 257, 80, 174, 107, 11, 13, 43, 149, 182, 207, 241, 90, 128, 85, 195, 223, 189, 99, 153, 169, 8, 245, 175, 165, 88, 268, 31, 269, 92, 0, 196, 172, 267, 118, 180, 108, 222, 168, 56, 49, 177, 86, 114, 136, 126, 15, 44, 47, 194, 167, 190, 54, 41, 164, 197, 123, 215, 203, 206, 18, 58, 14, 110, 12, 171, 151]","[265, 73, 259, 139, 119, 103, 77, 142, 258, 111, 218, 253, 102, 242, 20, 137, 246, 7, 130, 109, 34, 260, 262, 230, 28]","[151, 267, 86, 108, 112]","[259, 253, 103, 7, 28]"
2,"[327, 320, 319, 346, 339, 345]","[334, 244, 336, 331, 340, 324, 335, 352]","[339, 319, 346, 320, 345]","[334, 340, 335, 331, 336]"
4,"[381, 435, 41, 152, 108, 99, 88, 432, 427, 208, 429, 400, 256, 185, 389, 100, 407, 171, 395, 227, 168, 188, 433, 180, 162, 173]","[438, 109, 453, 423, 376, 452, 240, 388, 410, 401, 369, 440, 68, 420, 242, 399, 258, 456, 409, 368, 363, 380, 450, 441, 439, 377, 455, 415, 161, 451, 436, 414, 370, 215, 437, 144, 449, 364, 405, 65, 62, 367]","[100, 433, 152, 99, 208]","[453, 388, 215, 376, 368]"
5,"[13, 97, 491, 468, 210, 474, 133, 524, 522, 480, 478, 486, 130, 135, 134, 483, 196, 487, 482, 237, 58, 123, 510, 99, 164, 521, 492, 500, 484, 136, 513, 184, 172, 518, 488, 126, 131, 461, 473, 215, 489]","[476, 475, 457, 464, 258, 404, 471]","[492, 126, 489, 483, 484]","[258, 476, 404, 457, 471]"
6,"[491, 660, 647, 377, 199, 643, 450, 80, 575, 580, 527, 581, 126, 195, 43, 558, 27, 152, 419, 187, 132, 92, 173, 192, 613, 646, 620, 21, 161, 525, 632, 194, 91, 484, 510, 653, 167, 284, 88, 529, 422, 155, 225, 207, 7, 202, 480, 384, 666, 497, 100, 503, 135, 434, 6, 483, 153, 184, 561, 190, 588, 500, 403, 629, 204, 130, 120, 658, 674, 547, 625, 189, 427, 71, 333, 494, 519, 222, 495, 306, 490, 52, 98, 616, 96, 134, 446, 611, 659, 595, 198, 174, 573, 139, 99, 76, 55, 592, 415, 506, 645, 46, 63, 156, 236, 678, 428, 193, 233, 435, 526, 443, 633, 640, 203, 401, 140, 669, 451, 237, 509, 501, 3, 654, 600, 505, 432, 648, 473, 213, 670, 567, 179, 8, 609, 572, 442, 650, 70, 95, 178, 591, 38, 662, 131, 426, 68, 317, 264, 631, 143, 210, 11, 508, 49, 356, 163, 520, 172, 638, 366]","[566, 668, 598, 259, 211, 680, 218, 293, 323, 439, 550, 671, 144, 69]","[306, 633, 501, 153, 631]","[323, 598, 259, 439, 144]"
7,"[21, 49, 181, 171, 510, 143, 55, 182, 257, 126, 187, 650, 175, 228, 227, 194, 434, 173, 81, 221, 54]","[456, 384, 686, 258, 687]","[181, 175, 54, 143, 228]","[384, 456, 686, 258, 687]"
12,"[214, 55, 822, 180, 867, 120, 149, 492, 847, 569, 684, 914, 179, 508, 63, 427, 211, 855, 262, 314, 301, 207, 813, 501, 160, 136, 516, 529, 47, 466, 513, 886, 123, 153, 704, 99, 500, 316, 623, 471, 651, 275, 482, 422, 481, 413, 518, 650, 873, 603, 515, 233, 22, 434, 3, 236, 462, 461, 662, 685, 315, 346, 908, 526, 842, 94, 291, 169, 403, 653, 12, 483, 11, 850, 660, 791, 790, 192, 899, 176, 732, 731, 426, 193, 429, 866, 203, 491, 864, 655, 32, 683, 654, 885, 895, 788, 278, 796, 761, 86, 509, 198, 222, 49, 805, 674, 226, 110, 750, 201, 749, 505, 510, 151, 661, 61, 171, 496, 565, 126, 825, 809, 186, 503, 646, 810, 27, 521, 134, 284, 524, 792, 115, 181, 428, 165]","[900, 779, 857, 806, 319, 450, 337, 843, 566, 313, 907, 299, 829, 858, 912, 311, 859, 787, 439, 897, 893, 24, 436, 333, 906, 783, 456, 350, 538, 853, 751, 682, 889, 342, 300, 260, 815, 218, 884, 270, 771, 563, 874, 376, 216, 23, 286, 200, 851, 348, 681, 827, 838, 430, 877, 10, 378, 546, 537, 668, 837, 558, 562, 799, 671, 772, 400, 848, 550, 137, 440, 705, 564, 441, 687, 739, 759, 762, 412, 4, 16, 127, 470, 666, 894, 85, 409, 890, 560, 667, 634, 66, 447, 438, 872, 484, 405, 896, 36, 757, 686, 506, 381, 816, 557, 52, 287, 157, 369, 776, 852, 77, 423, 183, 773, 818, 766, 437, 142, 824, 898, 840, 812, 217, 259, 540, 628, 833, 903, 445]","[169, 796, 685, 603, 49]","[771, 550, 779, 142, 907]"
14,"[753, 457, 458, 307, 935, 305, 268, 254, 49, 180, 291, 124]","[748, 472, 677, 931, 277, 17, 306, 6, 928, 0, 932, 814, 925, 454, 927, 12, 332, 117, 242, 322, 247, 234, 930, 248]","[49, 457, 291, 268, 305]","[677, 242, 17, 248, 117]"
20,"[557, 446, 163, 97, 297, 55, 218, 233, 670, 325, 99, 200, 674, 853, 199, 6, 184, 852, 655, 126, 407, 8, 0]","[369, 439, 947, 102, 298, 456, 838, 589, 981, 438, 423, 120, 757, 117, 833, 716, 667, 244, 929, 687, 815, 147, 766, 262, 679, 668, 975, 260, 747, 405, 759, 558, 983, 987, 144, 560, 437, 977, 436, 799, 768, 985, 857]","[97, 126, 99, 218, 852]","[857, 757, 815, 423, 405]"
21,"[127, 257, 509, 172, 185, 95, 402, 434, 175, 549, 237, 454, 357, 207, 152, 193, 167, 203, 186, 514, 84, 201, 183, 23, 522, 180, 143, 289, 88, 3, 126, 249, 49, 173]","[376, 790, 686, 455, 293, 779, 28, 682, 947, 109, 553, 877, 996, 1000, 410, 664, 995, 931, 861, 104, 366, 448, 987, 1002, 162, 1001, 687, 925, 404, 997]","[454, 549, 201, 237, 88]","[1002, 996, 104, 877, 682]"
37,"[94, 152, 160, 678, 464, 215, 1029, 383, 422, 391, 98, 719, 388, 392, 224, 1013, 70, 403, 93, 0, 117, 81, 251, 915, 139, 418, 21, 87, 233, 111, 199, 68, 680, 741, 83, 69, 96, 401, 587, 1032, 1034, 246, 312, 417, 404, 451, 154, 408, 1030, 77, 143, 500, 287, 325, 293, 1027, 1015, 34, 450, 672, 432, 161, 767, 626, 677, 446, 419]","[757, 572, 431, 402, 121, 443, 449, 256, 144, 210, 225, 1033, 525, 589, 716, 399, 939, 1028, 412, 194]","[1032, 0, 419, 154, 915]","[194, 525, 716, 121, 225]"
41,"[422, 95, 273, 587, 194, 47, 101, 209, 844, 356, 203, 403, 98, 87, 27, 417, 735, 78, 731, 195, 171, 193, 495, 214, 565, 215, 94, 229, 76, 0, 172, 384, 755, 57, 201, 500, 401, 418, 63, 238, 522, 317, 49, 968, 131, 180, 173, 1]","[833, 412, 275, 218, 594, 1047, 110]","[755, 418, 201, 63, 422]","[110, 594, 1047, 218, 833]"
42,"[63, 283, 25, 113, 497, 14, 381, 215, 299, 317, 315, 846, 647, 0, 515, 209, 97, 152, 190, 10, 691, 271, 172, 214, 55, 87, 741, 384, 495, 188, 24, 312, 268, 407, 96, 777, 968, 300, 11, 293, 257, 168, 207, 844, 273, 201, 590]","[930, 46, 791, 955, 50, 558, 1051, 276, 122]","[207, 299, 384, 190, 257]","[276, 1051, 791, 122, 50]"
43,"[194, 659, 448, 442, 249, 529, 173, 227, 167, 8, 208, 213, 175, 134, 99, 88, 63, 6, 193, 49, 519, 86, 317, 172, 431, 189]","[664, 215, 411, 736, 630]","[86, 99, 208, 529, 431]","[411, 736, 664, 630, 215]"
48,"[46, 546, 167, 55, 150, 656, 174, 184, 178, 90, 432, 261, 1020, 427, 319, 431, 92, 918, 208, 651, 1072, 153]","[67, 37, 147, 757, 925, 545, 116, 39, 368, 589, 820, 475, 1077, 736, 122, 171, 203, 384, 293, 412, 218, 144, 81, 1071, 79, 691, 639, 89, 95, 49, 357, 1078, 996, 76, 180, 160, 454, 819, 146, 576, 173, 299, 120, 1]","[1020, 427, 319, 1072, 656]","[116, 171, 736, 691, 454]"
57,"[172, 708, 99, 267, 271, 44, 474, 1096, 849, 155, 245, 424, 812, 274, 653, 63, 60, 227, 256, 922, 482, 557, 1102, 407, 31, 123, 10, 644, 432, 513, 1100, 651, 170, 171, 174, 208, 115, 639, 11, 510, 212, 654, 602, 366, 152, 312, 136, 0, 133, 202, 190, 55, 729, 222, 6, 167, 583, 237]","[19, 282, 949, 68, 1101, 1088, 1047, 1062, 1007, 822]","[729, 312, 60, 708, 474]","[1062, 19, 949, 1101, 1088]"
58,"[195, 22, 714, 91, 582, 549, 214, 432, 11, 286, 701, 237, 12, 46, 131, 317, 380, 558, 126, 420, 723, 13, 99, 207, 125, 133, 47, 708, 1064, 567, 194, 734, 44, 822, 117, 526, 639, 505, 427, 446, 185, 171, 81, 97, 199, 217, 520, 49, 208, 100, 426, 203, 182, 510, 172, 63, 1004, 844, 962, 50, 434, 55, 275, 58, 54, 356, 482, 674, 641, 712, 442, 646, 422, 507, 175, 672, 134, 461, 402, 10, 180, 173, 167, 513, 233, 650, 497, 210, 435, 78, 1100, 146, 649, 136, 287, 580, 745, 478, 96, 473, 671, 312, 184, 615, 197, 429, 735, 178, 196, 1110, 95, 186, 189, 503, 14, 654, 479, 450, 150, 88, 68, 181, 602, 218, 41, 29, 59, 1092, 52, 27, 128, 516, 952, 1113]","[234, 925, 500, 139, 1027, 141, 273, 686, 945, 142, 1119, 242]","[210, 420, 615, 173, 473]","[1027, 273, 141, 142, 686]"
61,"[181, 432, 131, 257, 420, 7, 88, 172, 317, 175, 163, 167, 54, 249, 55, 49, 237, 221, 82, 194, 379, 520, 1128, 189, 171, 275, 190, 527, 150]","[67, 137, 1106, 293, 1059, 773, 32, 154, 226, 762, 240, 553, 568, 270, 1027, 930, 923]","[150, 88, 175, 249, 171]","[773, 923, 1106, 226, 137]"
62,"[99, 1006, 300, 249, 115, 1136, 812]","[840, 322, 1010, 281, 827, 120]","[249, 300, 1006, 115, 1136]","[322, 1010, 281, 120, 840]"
63,"[515, 777, 186, 514, 704, 55, 172, 1140, 214, 745, 632, 11, 174, 69, 229, 167, 208, 49, 474, 435, 178, 182, 268, 194, 519, 193, 126, 173, 47, 9, 495]","[239, 1138, 475, 538, 31, 747, 217, 1139, 1064]","[178, 1140, 167, 9, 173]","[475, 239, 1139, 1064, 31]"
67,"[236, 177, 49, 257, 285, 474, 274, 275, 180]","[741, 410, 1046, 281, 124, 457, 120, 1088, 762, 925]","[49, 180, 285, 236, 177]","[410, 457, 1046, 124, 120]"
71,"[194, 181, 426, 63, 44, 11, 434, 519, 422, 126, 479, 99, 95, 160, 317, 146, 133, 211, 14, 8, 654, 590, 173, 97, 24, 55, 1146, 552, 190, 492, 197, 196]","[180, 171, 229, 6, 228, 227, 646, 379, 221, 270]","[8, 160, 11, 194, 173]","[6, 379, 171, 270, 646]"
74,"[1016, 495, 474, 270, 951, 99, 189, 150, 272, 409, 410, 12, 24, 55, 459, 78, 221]","[239, 475, 1000, 290, 823, 741, 219, 824, 1058, 321, 1151, 288]","[99, 78, 459, 951, 474]","[1151, 823, 321, 290, 239]"
81,"[63, 480, 173, 587, 167, 429, 522, 99, 49, 482, 602, 434, 659]","[716, 755, 342, 412, 1000, 108, 457, 1032, 670, 288, 239, 1161, 423, 408, 455, 833, 20, 677, 411, 1127, 234, 474, 337, 111, 894, 1058]","[99, 587, 167, 480, 434]","[111, 833, 677, 455, 108]"
82,"[280, 209, 81, 264, 124, 21, 662, 116, 254, 404, 63, 203, 738, 195, 173, 754, 392, 30, 37, 78, 478, 87]","[412, 363, 411, 406, 121, 34, 318, 234, 55, 239]","[738, 392, 754, 63, 254]","[239, 55, 234, 121, 412]"
91,"[120, 175, 179, 312, 97, 237, 639, 474, 222, 517, 275, 962, 88, 507, 581, 208, 55, 1072, 197, 70, 11, 99, 194, 173, 788, 178, 7, 49, 68, 168, 432, 854]","[1048, 1208, 452, 930, 1046, 833, 819, 219, 369, 382, 226, 242, 757, 770, 367, 259, 921, 1209]","[7, 581, 854, 97, 178]","[833, 1046, 757, 1208, 259]"
93,"[650, 210, 57, 167, 346, 8, 156, 44, 179, 184, 726, 213, 152, 202, 643, 63, 49, 645, 427, 656, 155, 257, 482, 920, 389, 99, 169, 649, 233, 948, 60, 192, 424, 447, 222, 51, 22, 7, 524, 317, 153, 10, 509, 646, 189, 474, 178, 527, 55, 507, 508, 182, 922, 483, 208, 505, 548, 588, 517, 190, 1072, 734, 653, 1210, 316, 812, 435, 735, 31, 463, 503, 958, 526, 176, 90, 237, 356, 46, 464, 473, 85, 126, 630, 133, 181, 150]","[719, 819, 33, 549, 368, 568, 585, 124, 943, 244]","[51, 346, 548, 152, 650]","[585, 244, 568, 943, 549]"
94,"[0, 173, 172, 470, 13, 82, 203, 659, 63, 403, 656, 746, 6, 68, 650, 177, 392, 590, 327, 190, 285, 182, 174, 90, 435, 198, 169, 462, 422, 93, 209, 704, 152, 197, 70, 143, 967, 514, 185, 206, 484, 215, 256, 194, 7, 471, 237, 193, 49]","[1229, 635, 572, 31, 877, 402, 861, 767, 2, 100, 1218, 1089, 559, 1230, 714, 397, 551]","[967, 203, 185, 256, 173]","[877, 861, 559, 397, 2]"
98,"[3, 1015, 49, 741, 180, 409, 167, 257, 10, 55, 236, 99, 11, 272, 63, 474, 21, 116, 762, 209, 312, 146, 650, 779, 171, 97, 173]","[110, 872, 273, 1051, 693, 341, 274]","[209, 63, 180, 257, 167]","[872, 693, 1051, 110, 274]"
103,"[268, 149, 301, 180, 749, 14, 49]","[983, 1015, 1009, 410, 323, 1240, 822, 1016, 545, 743, 324, 839, 110, 254, 129, 310, 329, 925, 824, 270, 285]","[149, 14, 301, 749, 49]","[839, 329, 824, 545, 324]"
108,"[257, 626, 194, 229, 549, 664, 741, 116, 175, 519, 95, 251, 182, 171, 120, 387, 379, 66, 172, 210, 734, 264, 78, 567, 180, 402, 372, 448, 163, 124, 155, 173, 450, 81, 71, 226, 201, 228, 754, 404, 635, 209, 287, 1015, 225, 150, 227, 256, 55, 49]","[474, 100, 41, 130, 157, 213, 385, 208, 174, 409]","[182, 287, 256, 741, 227]","[130, 174, 385, 208, 157]"
118,"[1152, 236, 221, 381, 717, 212, 312, 715, 1100, 153, 696, 274, 234, 271, 657, 86, 110, 384, 450, 741, 108, 198, 828, 116, 267, 510, 99, 309, 281, 1159, 49, 95, 1259, 299, 10, 24, 167, 878, 1165, 536, 131, 209, 1015, 136, 353, 285, 505, 124, 27, 193, 6, 457, 448, 30, 314, 195, 726, 491, 654, 1136]","[337, 754, 293, 915, 930, 409]","[381, 353, 1159, 715, 131]","[409, 915, 293, 930, 337]"
120,"[13, 508, 85, 8, 97, 136, 427, 56, 180, 123, 478, 312, 126, 741, 356, 134, 716, 236, 24, 735, 256, 49, 11, 171, 317]","[116, 234, 248, 545, 281, 410, 457]","[11, 180, 8, 256, 126]","[116, 457, 248, 234, 281]"
124,"[162, 189, 317, 133, 238, 172, 21, 142, 944, 510, 203, 484, 63, 72, 135, 497, 193, 173, 97, 86, 274, 495, 93, 282, 567, 87, 49, 209, 78, 257, 194, 704, 180, 175, 190, 519, 454, 299, 750, 171, 143, 201, 89, 204, 167, 65, 288, 94, 66, 81, 221, 709]","[381, 151, 149, 345, 1271, 812, 474, 1092, 24, 235, 119, 55, 913, 371, 339, 121, 507, 481, 268, 1169]","[944, 172, 193, 704, 299]","[339, 55, 1092, 812, 121]"
127,"[602, 735, 142, 282, 82, 215, 63, 426, 377, 587, 299, 172, 424, 117, 13, 135, 85, 264, 195, 486, 941, 837, 498, 132, 81, 650, 477, 482, 489, 954, 160, 130, 318, 495, 185, 222, 274, 116, 27, 179]","[370, 279, 401, 872, 219, 467]","[172, 116, 299, 424, 495]","[279, 401, 370, 467, 219]"
129,"[233, 266, 365, 199, 409, 992, 567, 55, 171, 549, 203, 70, 49, 417, 124, 54, 356, 157, 2, 182, 1046, 671, 21, 149, 624, 332, 209, 133, 281, 93, 65, 741, 495, 32, 285, 175, 173, 442, 225, 392, 98, 194, 533, 68, 269, 297, 974, 287, 110, 270, 626, 142, 384, 201, 67, 683, 217, 248, 131, 657, 745, 468, 53, 500, 422, 251, 410, 691, 531, 81, 97, 78, 236, 312, 180, 419, 214, 10, 402, 426, 353, 815, 288, 23, 894, 762, 526, 464, 530, 577, 537, 63, 293, 1274, 320, 807, 235, 184, 738, 0, 195, 94, 325, 551, 299, 1057, 418, 403, 801, 1219, 95, 819, 76, 143, 16, 218, 751, 292, 6, 750, 793, 116, 1277, 271, 92, 120]","[900, 244, 352, 1206, 797, 981]","[819, 1046, 292, 793, 10]","[797, 1206, 244, 981, 352]"
140,"[257, 273, 124, 743, 471, 534, 294, 299, 105, 281, 243, 6, 312, 117, 297, 332, 283, 125, 24, 675, 290, 14, 408, 865]","[749, 1012, 879, 871, 1058, 1141, 289, 334, 234, 258, 278, 260, 291, 329, 345, 275, 1279]","[273, 243, 534, 283, 299]","[234, 1141, 1279, 1012, 871]"
143,"[152, 312, 746, 63, 879, 522, 49, 21, 193, 32, 95, 1141, 189, 530, 194, 654, 172, 523, 68, 86, 315, 134, 317, 422, 47, 513, 8, 173, 99, 526, 211]","[92, 814, 279, 474, 306, 1012, 234]","[193, 95, 8, 211, 522]","[1012, 814, 474, 306, 279]"
144,"[236, 55, 21, 1244, 447, 392, 182, 12, 49, 171, 314, 249, 181, 551, 202, 173, 664, 345, 43, 683, 272, 6, 326, 229, 215, 68, 78, 469, 99, 41, 264, 269, 548, 194, 430, 11, 149, 241, 1072, 878, 155, 1027, 116, 53, 256, 565, 514, 281, 602, 815, 651, 571, 327, 315, 87, 172, 446, 342, 1272, 180, 30, 134, 218, 175, 221, 1040, 239, 435, 97, 268, 233, 95, 10, 1010, 96]","[973, 742, 459, 1056, 1291, 1101, 830, 1039, 1053, 769, 297, 982, 932, 1001, 121, 987, 1289, 275, 235, 933, 1086, 1022, 897, 453, 893, 393, 1288, 1209, 1282, 900, 589, 1032, 225, 1278, 58]","[172, 1010, 12, 256, 49]","[742, 1001, 1291, 893, 297]"
147,"[407, 113, 69, 171, 1148, 528, 213, 595, 70, 472, 356, 168, 508, 115, 506, 6, 431, 68, 49, 88, 208, 473, 180, 55, 167, 134, 662, 173, 132, 172, 193]","[139, 184, 77, 520, 190, 126]","[407, 180, 208, 508, 173]","[520, 190, 126, 77, 184]"
150,"[9, 196, 834, 11, 918, 484, 371, 316, 88, 386, 968, 489, 428, 161, 479, 521, 528, 168, 227, 174, 356, 477, 485, 273, 708, 212, 223, 222, 113, 427, 504, 734, 1196, 488, 82, 171, 413, 63, 120, 226, 658, 163, 450, 317, 632, 431, 188, 419, 1285, 482, 51, 465, 285, 136, 85, 527, 170, 180, 1202, 656, 274, 602, 237, 130, 637, 581, 131, 473, 846, 210, 511, 49, 498, 80, 496, 462, 380, 515, 522, 964, 13, 87, 952, 407, 264, 96, 506, 92, 627, 132, 0, 442, 32, 486, 177, 970, 150, 651, 605, 1268, 169, 221, 167, 3, 426, 173, 944, 257, 142, 123, 134, 172, 663, 609, 201, 497, 704, 379]","[1005, 259, 825, 1296, 230, 1097, 468, 289, 961]","[0, 465, 970, 834, 528]","[1296, 289, 230, 1097, 961]"
158,"[1027, 126, 450, 244, 677, 219, 1189, 116, 309, 272, 594, 23, 1094, 332, 125, 6, 475, 275, 404, 24, 1220, 865, 124, 271, 297, 1011, 321, 596, 14, 1131]","[880, 285, 102, 871, 318, 363, 1257, 66, 129, 879, 357, 844, 1253]","[124, 244, 219, 450, 404]","[129, 318, 879, 363, 66]"
160,"[201, 275, 271, 315, 314]","[47, 167, 581, 131, 472, 485, 928, 193, 224]","[201, 271, 275, 314, 315]","[131, 928, 47, 485, 581]"
166,"[1305, 1125, 132, 380, 317, 95, 477, 434, 520, 7, 529, 82, 511, 240, 614, 136, 464, 1124]","[231, 391, 674, 47, 1308, 168, 1304, 948, 718, 1307, 725, 239, 553, 183]","[464, 7, 434, 136, 511]","[239, 391, 718, 948, 553]"
167,"[150, 865, 1196, 1015, 24, 116, 256, 281, 221, 14, 741, 125, 224, 1011, 312, 299, 743, 0]","[254, 410, 6, 287, 8, 677, 324, 251, 457, 275]","[1196, 125, 865, 14, 224]","[287, 457, 251, 410, 677]"
173,"[314, 936, 659, 401, 159, 470, 698, 106, 116, 254, 311, 331, 195, 654, 65, 1052, 247, 27, 844, 267, 13, 292, 275, 948, 196, 123, 161, 761, 1040, 215, 55, 271, 722, 432, 845, 237, 952, 268, 450, 11, 1281, 110, 738, 99, 1220, 552, 277, 661, 746, 8, 1261, 14, 68, 339, 245, 125, 177, 370, 69, 380, 285, 124, 715, 1085, 723, 279, 647, 10, 214, 64, 86, 142, 707, 97, 201, 87]","[367, 79, 394, 395, 40, 81, 368, 455, 382, 411, 1253, 1000, 576, 861, 1032, 20, 1229, 570, 574, 66, 767, 137, 121, 387, 363, 322, 400, 870, 762, 385, 779, 987, 383, 406, 950, 239, 167]","[27, 65, 142, 1040, 10]","[400, 1229, 79, 367, 861]"
177,"[72, 120, 426, 287, 274, 209, 57, 519, 21, 256, 97, 180, 27, 14, 227, 477, 240, 201, 299, 317, 81, 94, 590, 126, 96, 264, 10, 312, 49, 183, 734, 156, 63, 657, 791, 510, 683, 160, 214, 11, 282, 992, 231, 68, 173, 172]","[357, 243, 258, 213, 259, 339, 234, 318]","[791, 172, 282, 312, 477]","[357, 259, 234, 339, 318]"
178,"[257, 315, 894, 314, 271, 332, 287, 913, 681, 915]","[338, 750, 344, 749, 302, 320, 689, 361, 1126, 901, 1233, 352, 270]","[257, 271, 894, 314, 681]","[1233, 750, 749, 901, 320]"
179,"[461, 67, 432, 120, 82, 212, 630, 420, 110, 215, 55, 155, 693, 1130, 172, 728, 657, 379, 257, 732, 683, 659, 97, 195, 960, 317, 371, 221, 468, 52, 654]","[66, 715, 152, 789, 366]","[683, 1130, 317, 215, 55]","[66, 152, 789, 715, 366]"
185,"[565, 469, 924, 321, 70, 43, 116, 938, 225, 299, 1015, 78, 97, 202, 355, 37, 158, 1041, 76]","[249, 405, 52, 553, 287, 1082, 257, 11, 268]","[355, 116, 43, 76, 158]","[553, 1082, 257, 249, 268]"
188,"[519, 1059, 55, 19, 196, 0, 461, 479, 1020, 495, 1098, 631, 651, 172, 215, 656, 142, 483, 504, 482, 95, 274, 293, 509, 473, 478, 133, 193, 173, 637, 233, 1116, 88, 422, 195, 171, 98, 282, 203, 131, 1064, 237, 526, 602, 206, 499, 486, 123, 190, 49, 177, 164, 150, 174, 3, 9, 951, 132, 432, 497, 485, 317, 7, 791, 198, 524, 1403, 178, 488, 13, 184, 472, 581, 179]","[119, 819, 515, 208, 213, 117]","[1116, 206, 9, 461, 482]","[515, 119, 117, 208, 213]"
192,"[484, 126, 99, 198, 68, 486, 281]","[95, 367, 681, 194, 287, 110, 55, 259, 351, 326, 540, 894, 342, 293, 121, 332]","[484, 281, 198, 68, 126]","[367, 326, 342, 293, 121]"
193,"[519, 55, 522, 11, 126, 191, 63, 27, 21, 466, 654, 237, 172, 167, 185, 660, 317, 135]","[211, 1205, 755, 581, 382, 449, 285, 288, 221, 226, 622, 455, 228, 819, 229, 1206, 1410, 448, 639, 379, 1407, 539, 77, 66, 227, 789, 574]","[522, 21, 126, 135, 63]","[211, 1206, 455, 639, 382]"
196,"[95, 510, 514, 175, 448, 509, 650, 180, 186, 194, 88, 749, 126, 78, 173, 209, 434, 21, 264, 171, 525, 182, 81, 176, 49]","[687, 517, 91, 285, 258, 55, 372, 678, 10, 1419, 183]","[21, 182, 448, 434, 88]","[91, 687, 183, 258, 10]"
197,"[134, 356, 187, 653, 182, 173, 978, 1141, 100, 55, 185, 126, 530, 49, 473, 88, 80]","[99, 409, 1093, 870, 297, 410, 116, 368, 121, 819]","[49, 530, 653, 1141, 187]","[116, 99, 368, 819, 870]"
198,"[267, 241, 285, 474, 115, 8, 407, 268]","[323, 677, 987, 293, 947, 686, 258, 988, 0, 891, 538, 242, 1353]","[407, 8, 474, 241, 285]","[0, 258, 987, 891, 323]"
200,"[202, 312, 275, 446, 323, 339, 324, 55, 233, 771, 581, 1069, 1134, 178, 171, 126, 317, 184, 1130, 159, 199, 514, 92, 1173]","[145, 694, 147, 369, 451, 776, 379, 461, 405, 35, 562, 1226, 773, 824, 550, 1162, 61, 38, 437, 30, 463, 117, 1135, 430, 80, 885, 357, 440, 115, 701, 589, 1354, 582, 238]","[184, 275, 55, 514, 92]","[405, 379, 773, 440, 1354]"
203,"[339, 291, 1021, 296, 44, 301, 302, 241, 169, 317, 1295, 8]","[747, 309, 335, 320, 332]","[169, 1021, 8, 291, 296]","[335, 332, 747, 309, 320]"
205,"[301, 287, 894, 314, 312, 345, 271, 309]","[322, 899, 1393, 244, 361, 903, 1429, 677, 881, 313, 989, 1312, 360, 261, 1433, 690, 1021, 358, 1023, 682, 1430, 1394, 299, 342, 1175, 1431, 359, 1428, 1174, 1432, 1232, 325, 335]","[345, 314, 301, 312, 271]","[1431, 989, 325, 1432, 1430]"
216,"[21, 81, 194, 577, 684, 230, 678, 78, 55, 221, 402, 683]","[26, 1221, 539, 52, 575, 257, 225, 839, 362, 397, 120, 549, 49, 778, 180, 171]","[230, 21, 683, 81, 221]","[539, 257, 171, 49, 52]"
218,"[178, 131, 113, 214, 268, 381, 615, 854, 257, 630, 663, 222, 432]","[81, 346, 12, 567, 70, 37]","[381, 615, 113, 214, 854]","[81, 12, 70, 567, 37]"
221,"[749, 172, 52, 21, 134, 171, 68, 95, 6, 124, 143, 238, 195, 745, 8, 11, 203, 275, 299, 567, 217, 126, 317, 88, 78, 734, 227, 185, 520, 30, 237, 10, 27, 327, 55, 741, 116, 257, 99, 173, 47, 627, 332, 63]","[378, 425, 576, 39, 1088, 671, 363, 367, 246, 7, 664, 930, 1178, 394, 1053, 159, 451, 1058, 1418, 718, 1028, 80, 260, 1217, 377, 472, 395, 337, 374, 1086, 928, 224, 423, 815, 376, 1065, 77, 139, 716, 411, 1078, 248, 456, 34, 789, 1249, 596, 132]","[520, 237, 257, 68, 78]","[789, 425, 1058, 930, 34]"
222,"[968, 236, 215, 297, 68, 21, 94, 1015, 116, 70, 312, 154, 172, 545]","[907, 410, 257, 247, 716, 368, 1299, 320, 24, 285, 251, 825, 974, 1008, 923, 1283, 1051, 404, 288]","[312, 968, 297, 172, 154]","[368, 257, 251, 716, 24]"
223,"[21, 661, 1038, 317, 96, 312, 401]","[582, 19, 657, 148, 1207, 777, 324, 211, 1084, 517, 134, 580, 555, 1400, 743, 468, 91, 714, 979, 990, 543]","[661, 21, 96, 317, 1038]","[468, 777, 517, 91, 1084]"
227,"[312, 271, 689, 285, 811]","[885, 86, 326, 937, 136]","[312, 689, 811, 285, 271]","[86, 937, 326, 136, 885]"
229,"[741, 303, 962, 377, 209, 195, 401, 49, 124, 152, 7, 738, 275, 356, 483, 96, 484, 70, 417, 514, 78, 97, 950, 264, 27, 236, 94, 426, 0, 81, 419, 222, 131, 293, 587, 497, 495, 210, 21, 160, 116, 173, 142, 422, 63, 626, 548]","[237, 208, 384, 239, 446, 283, 232]","[21, 417, 116, 27, 962]","[232, 237, 239, 283, 208]"
233,"[704, 133, 518, 1462, 7, 603, 169, 90, 480, 483, 482, 653, 193, 1120, 514, 177, 862, 605, 196, 497, 165, 510, 472, 98, 198, 478, 610, 512, 660, 164, 614, 199]","[11, 928, 873, 420, 402, 545, 1204, 476, 1169, 129, 950, 357, 556, 242]","[90, 1120, 164, 603, 510]","[242, 11, 357, 420, 1169]"
235,"[56, 285, 728, 505, 169, 734, 184, 222, 14, 418, 50, 613, 68, 431, 482, 215, 55, 126, 8, 422, 317, 749, 327, 63, 96, 426, 132, 97, 281]","[755, 195, 428, 273, 178, 272, 410]","[426, 613, 96, 56, 97]","[195, 272, 178, 273, 410]"
238,"[1098, 1069, 271, 490, 193, 512, 8, 95, 474, 57, 528, 186, 9, 477, 611, 316, 182, 97, 670, 134, 922, 197, 1244, 478, 529, 492, 653, 123, 515, 7, 557, 1202, 700, 1055, 649, 854, 602, 133, 507, 431, 194, 174, 835, 487, 953, 662, 206, 735, 339, 526, 483, 442, 161, 674, 473, 511, 64, 420, 49, 960, 498, 426, 752, 131, 488, 149, 433, 220, 427, 510, 744, 44, 164, 1097, 461, 920, 170, 651, 179, 631, 241, 41, 136, 646, 237, 208, 530, 482, 11, 632, 504, 506, 275, 462, 115, 508, 178, 1064, 527, 38, 13, 432, 268]","[285, 1191, 689, 317, 189, 299, 68, 513, 63, 303, 185, 202]","[506, 953, 49, 653, 512]","[202, 689, 1191, 185, 317]"
243,"[153, 88, 651, 237, 742, 236, 508, 100, 178, 207, 1097, 763, 190, 1044, 167, 257, 195, 885, 216, 150, 583, 41, 865, 855, 199, 536, 552, 720, 654, 245, 63, 317, 267, 2, 49, 356, 526, 168, 316, 432, 67, 25, 1118, 8, 213, 1466, 170, 275, 55, 734]","[549, 225, 366, 949, 470, 731, 467, 234, 143, 120]","[552, 190, 207, 317, 150]","[143, 549, 467, 120, 366]"
245,"[200, 424, 67, 108, 1100, 894, 259, 150, 651, 852, 237, 566, 11, 80, 172, 287, 218, 740, 177, 180, 171, 184, 222, 615, 49, 432]","[560, 727, 848, 283, 801, 409, 367, 230, 384, 719, 931, 144, 28, 584, 627, 742, 1231, 830, 757, 137, 411, 1051, 253, 117, 91, 980, 400, 1043, 1227, 575, 1088, 747, 840, 569, 1134, 940, 154, 826, 251, 55, 157]","[894, 180, 108, 852, 287]","[384, 826, 980, 28, 1227]"
253,"[49, 173, 96, 132, 312, 7, 422, 209, 448, 180, 68, 171, 134]","[218, 378, 285, 648, 576, 383, 239, 89, 213, 74, 1262, 615, 167, 137]","[68, 7, 171, 49, 173]","[74, 576, 615, 213, 89]"
254,"[248, 762, 97, 233, 681, 55, 323, 218]","[1033, 471, 983, 550, 568, 840, 564, 405, 747, 824, 975, 244, 828, 117, 280, 563, 929, 324, 442, 759, 742, 839, 825]","[681, 762, 248, 97, 233]","[550, 471, 563, 840, 929]"
267,"[204, 113, 482, 152, 473, 168, 245, 133, 301, 581, 653, 479, 202, 173, 58, 49, 267, 59, 285, 95, 175, 171, 407]","[144, 1040, 62, 539, 716, 825, 1156, 997, 452, 760, 714, 927, 471, 1001, 799, 37, 46, 406, 401, 368, 578, 980, 327, 1053, 1227, 742, 575, 1302, 859, 2, 451, 1177, 378, 387, 718, 28, 449, 362]","[204, 267, 59, 285, 113]","[799, 452, 927, 406, 997]"
268,"[521, 245, 284, 155, 960, 639, 921, 339, 130, 528, 958, 663, 901, 176, 212, 505, 855, 530, 174, 275, 474, 170, 526, 1064, 237, 511, 426, 193, 997, 740, 99, 1016, 424, 536, 356, 196, 47, 184, 643, 427, 41, 55, 522, 190, 150, 495, 1427, 1102, 22, 131, 602, 370, 107, 267, 123]","[844, 21, 233, 251, 1164, 105, 410, 209, 173, 404, 770, 62, 1479, 141, 138, 69, 808, 755, 119, 1132, 626, 762, 664, 253, 160, 215, 596, 927, 147, 392, 820, 87, 722, 95, 76, 782, 52, 273, 1187, 930, 65, 68, 240, 1039, 678, 110, 659, 172, 402, 1443, 761, 254, 195, 121, 450, 120, 231, 774, 716, 280, 475, 230, 1073, 440, 709, 166, 824, 1477, 939, 738, 1266]","[958, 1016, 424, 130, 356]","[844, 659, 392, 253, 209]"
270,"[131, 186, 481, 210, 21, 49, 190, 171, 179, 199, 169, 191, 317, 63, 641, 429, 264, 69, 494, 192, 659, 525, 97, 370, 126, 519, 233, 356, 193, 526, 520, 460, 3, 204, 497, 510, 301, 653, 96, 495, 99, 180, 215, 962, 173, 426, 514, 27, 168]","[337, 410, 106, 129, 475, 844, 39, 1, 538]","[641, 191, 179, 370, 49]","[538, 106, 1, 410, 475]"
275,"[63, 180, 418, 473, 356, 156, 179, 10, 428, 317, 55, 175, 21, 852, 271, 233, 431, 237, 339, 301, 167, 426, 126, 213, 155, 168, 407, 90, 205, 134, 185, 203, 222, 422, 123, 197, 97, 257, 196, 652, 49, 191, 602, 99, 297, 150, 143, 200, 8, 182, 474, 312, 194, 173, 0, 172, 478, 6, 507, 11, 178, 95, 94, 186, 171, 88, 199, 236, 1018, 142, 22, 174, 181]","[795, 1094, 42, 103, 1252, 1238, 1273, 1227, 668, 449, 742, 733, 1406, 1041, 452, 758, 768, 374, 782, 1212, 396, 539, 1412, 1089]","[171, 173, 143, 200, 6]","[1238, 1227, 42, 782, 733]"
278,"[153, 740, 167, 745, 490, 162, 362, 1412, 1499, 407, 174, 23, 113, 206, 172, 208, 264, 997, 653, 207, 116, 939, 390, 200, 183, 24, 235, 232, 464, 720, 830, 473, 711, 152, 127, 400, 596, 188, 108, 454, 1205, 501, 185, 658, 168, 1011, 1490, 409, 635, 863, 256, 861, 151, 320, 26, 944, 6, 82]","[1335, 1239, 121, 1047, 115, 64, 826, 392, 87, 1492, 367, 1141, 1094, 576, 1486, 738, 119, 1238, 533, 852, 1500, 1107, 593, 531, 989, 1194, 128, 69, 145, 1265, 977, 1401, 402, 553, 868, 1131, 1241, 1485, 1036, 1184, 129, 844, 1169, 43, 21, 1493, 374, 546, 283, 130, 450, 86, 1249, 853, 427, 221, 643, 543, 373, 63]","[127, 1205, 720, 200, 320]","[374, 1401, 1107, 1184, 1094]"
285,"[1013, 378, 287, 152, 174, 72, 84, 1315, 33, 688, 150, 82, 1038, 340, 268, 1264, 464, 271, 247, 418, 682, 10, 308, 737, 288, 403, 56, 880, 1285, 777, 639, 731, 166, 380, 1279, 185, 393, 250, 657, 1104, 882, 110, 1374, 146, 223, 587, 706, 178, 968, 338, 534, 335, 427, 432, 94, 1037, 1074, 314, 209, 131, 887, 482, 315, 69, 300, 741, 450, 3, 883, 461, 381, 954, 430, 277, 1100, 115, 329, 122, 1059, 100, 628, 905, 799, 366, 402]","[789, 324, 106, 228, 1229, 1046, 1117, 545, 823, 420, 213, 284, 211, 389, 400, 454]","[314, 461, 482, 380, 628]","[400, 284, 545, 324, 420]"
287,"[271, 126, 195, 201, 899, 339, 12, 886, 299, 68, 63, 177, 356, 345, 21, 179, 543, 426, 344, 1357, 519, 135, 268, 196, 97, 210, 204, 99]","[174, 879, 189, 687, 326]","[179, 97, 519, 426, 12]","[174, 326, 687, 879, 189]"
290,"[143, 685, 14, 427, 6, 225, 465, 740, 459, 52, 167, 409, 454, 55, 173, 566, 178, 495, 155, 47, 714, 293, 23, 180, 287, 1072, 684, 8, 447, 580, 4, 237, 468, 78, 11, 474, 0, 21, 209, 89, 1219, 123, 779, 116, 99, 68, 128, 245, 669, 630, 290, 171, 172, 97, 843, 63, 222, 49, 150, 292, 507]","[323, 573, 554, 374, 1214, 768, 390, 997, 973, 1208, 576]","[209, 89, 173, 143, 474]","[1214, 1208, 768, 390, 573]"
292,"[134, 495, 483, 704, 653, 156, 646, 171, 133, 473, 479, 63, 602, 652, 88, 181, 198, 47, 49, 482, 505, 491, 233, 173, 517, 191, 179, 284, 172, 512, 184, 431, 44, 126]","[411, 778, 35, 930, 147, 404, 870, 400, 719, 618, 553, 1045, 1216, 803, 225, 425, 61, 37, 28, 1228, 545, 809, 549, 657, 1227, 1118]","[179, 284, 495, 704, 173]","[35, 400, 719, 1045, 778]"
293,"[270, 126, 287, 249, 602, 247, 474, 346, 297, 268, 120, 49, 248, 150, 312, 180, 537, 285, 514, 0, 519]","[825, 321, 1087, 362, 826]","[602, 268, 297, 474, 180]","[362, 826, 321, 825, 1087]"
295,"[704, 507, 19, 221, 428, 854, 247, 257, 47, 285, 271, 509, 426, 82, 960, 1072, 95, 291, 1141, 653, 97, 276, 484, 171, 749, 503, 922, 55, 123, 962, 203, 844, 120, 481, 44, 133, 88, 268, 434, 190, 256, 356, 54, 197, 292, 99, 124, 662, 179, 198, 527, 236, 250, 514, 220, 479, 126, 627, 312, 49, 255, 18, 300, 314, 0, 6, 180, 482, 10, 113, 284, 275, 631, 193, 468, 513, 658, 1250, 186, 497, 22]","[947, 454, 297, 239, 308, 258, 293, 687, 243, 149]","[284, 19, 962, 49, 507]","[687, 454, 297, 243, 947]"
296,"[56, 274, 285, 222, 85, 11, 514, 96, 474, 97, 55, 49, 237, 142, 271, 136, 69, 602, 113, 7, 153, 257, 297, 184, 173, 749, 167, 526, 478, 99, 689, 152]","[573, 249, 101, 1216, 194, 429, 159, 918, 3, 242, 983, 26]","[271, 514, 136, 85, 96]","[429, 194, 918, 1216, 573]"
298,"[126, 215, 461, 284, 149, 172, 432, 542, 58, 174, 169, 189, 1004, 513, 473, 250, 482, 212, 486, 247, 59, 752, 11, 9, 509, 88, 82]","[234, 1226, 16, 1131, 18, 93, 748]","[9, 169, 482, 284, 149]","[748, 93, 1226, 234, 16]"
300,"[78, 201, 173, 495, 171, 383, 94, 650, 181, 214, 95, 1027, 356, 268, 203, 587, 180, 194, 108, 196, 454, 81, 42, 63, 692, 49, 317, 127, 68, 116, 225, 99]","[394, 52, 410, 272, 422, 275, 630, 110, 1051, 1229, 654, 154]","[94, 173, 68, 42, 78]","[52, 154, 410, 275, 272]"
302,"[68, 133, 160, 175, 208, 434, 181, 178, 1006, 202, 261, 653, 128, 180, 201, 8, 317, 193, 233, 78, 450, 95, 152, 90, 182, 66, 218, 738, 183, 236, 791, 704, 200, 650, 41, 171, 207, 267, 184, 285, 506, 482, 155, 215, 516, 94, 481, 602, 386, 524, 356, 657, 339, 150, 49, 649, 167, 214, 779, 63, 708, 99, 55, 169, 97, 473, 21, 149, 22, 268, 126, 40, 173, 92, 245, 131, 186, 143, 7, 318, 478, 587, 1038, 0, 402, 96, 513, 82, 46, 483, 654, 172, 220, 115, 190]","[396, 778, 144, 368, 322, 326, 1089, 397, 1507, 324, 390, 573, 299, 1238, 37, 684, 758, 1209, 677, 1269, 539, 1012, 1088, 1109, 534, 1214, 800, 870, 1091, 582, 596, 733, 1229, 1508, 1033, 1406, 563, 1336, 724, 1039, 686, 62, 367, 1216, 1085, 362]","[708, 516, 450, 649, 779]","[1508, 582, 1088, 62, 758]"
304,"[426, 482, 49, 188, 922, 528, 208, 215, 168, 356, 637, 529, 133, 206, 920, 855, 526, 11, 63, 479, 792, 250, 314, 170, 47, 0, 381, 708, 407, 284, 1017, 485, 473, 461, 44, 310, 241, 126, 1285]","[10, 959, 14, 86, 55, 75, 244, 384, 1014, 1072, 178]","[461, 188, 314, 133, 381]","[1014, 384, 75, 178, 959]"
312,"[615, 95, 190, 487, 204, 179, 135, 434, 481, 131, 134, 72, 99, 202, 514, 500, 68, 133, 497, 473, 184, 524, 479, 495, 177, 419, 662, 482, 429, 478, 49, 632, 442, 522, 182, 483, 132, 194, 502, 431, 504, 210, 201, 518, 519, 503, 653, 426, 88, 126, 356, 78, 602, 196]","[150, 66, 564, 65, 1469]","[519, 184, 419, 473, 88]","[1469, 66, 150, 564, 65]"
313,"[27, 94, 691, 1138, 923, 734, 28, 622, 590, 267, 203, 671, 41, 142, 137, 254, 1219, 281, 154, 762, 63, 287, 236, 70, 1135, 681, 417, 738, 87, 245, 945, 277, 377, 587, 124, 814, 10, 1310, 992, 160, 698, 844, 720, 65, 293, 201, 627, 256, 409, 331, 317, 14, 819, 37, 1052, 1062, 40, 0, 68, 567, 475, 767]","[275, 742, 1053, 1084, 121, 23, 771, 1088, 55, 746, 52, 69, 996, 721, 1093, 172, 92, 1290]","[245, 844, 417, 317, 142]","[172, 1084, 996, 69, 746]"
315,"[97, 212, 548, 18, 189, 282, 1038, 520, 462, 317, 190, 922, 650, 530, 285, 274, 715, 426, 581, 96]","[587, 49, 70, 233, 172, 182, 677, 171, 88, 191, 173, 987, 322]","[715, 1038, 530, 274, 426]","[182, 987, 172, 49, 88]"
317,"[256, 647, 203, 609, 196, 193, 314, 508, 126, 418, 157, 161, 484, 236, 434, 185, 14, 210, 656, 156, 696, 68, 25, 69, 190, 526, 268, 738, 317, 731, 99, 481, 1159, 133, 734, 422, 142, 24, 392]","[395, 104, 228, 380, 120]","[236, 256, 268, 656, 157]","[104, 228, 380, 395, 120]"
324,"[429, 178, 505, 176, 473, 483, 134, 184, 431, 174, 834, 126, 524, 98, 482, 136, 433, 49, 22, 113, 646, 1202, 198, 407]","[239, 142, 324, 163, 553, 1, 1231, 15, 382, 770, 234]","[524, 431, 134, 136, 176]","[234, 770, 142, 324, 1231]"
325,"[49, 495, 317, 731, 525, 184, 143, 442, 654, 478, 385, 97, 529, 526, 524, 612, 182, 484, 656, 482, 433, 615, 172, 483, 514, 225, 497, 509, 549, 177, 519, 473, 198, 647, 492, 428, 427, 518]","[664, 196, 43, 789, 653, 480, 179, 662, 126, 186, 3, 848, 52, 174, 8, 89]","[433, 656, 495, 478, 519]","[653, 8, 789, 664, 186]"
326,"[191, 187, 233, 633, 8, 131, 958, 918, 864, 959, 200, 895, 304, 317]","[257, 731, 337, 244, 259]","[317, 191, 895, 958, 633]","[259, 244, 257, 731, 337]"
327,"[518, 522, 527, 187, 131, 264, 509, 99, 482, 660, 182, 21, 514, 156, 202, 240, 27, 11, 271, 126, 285, 683, 132, 88, 317, 519, 688, 346, 497, 650, 315, 299, 257, 565, 581, 175]","[1134, 84, 431, 1138, 687, 585]","[527, 99, 688, 126, 519]","[1138, 431, 585, 84, 1134]"
333,"[602, 99, 480, 222, 58, 301, 1009, 6, 662, 524, 167, 651, 530, 581, 345, 49, 641, 422, 487, 296, 482, 220, 905, 114, 605, 11, 227, 483, 133, 432, 886, 123, 895, 528, 207]","[449, 1410, 226, 68, 325, 904, 337, 954, 552, 930]","[220, 296, 301, 581, 133]","[904, 552, 449, 68, 930]"
335,"[153, 1073, 1011, 1016, 215, 152, 121, 167, 761, 89, 236, 69, 41, 203, 25, 209, 590, 272, 172]","[576, 201, 863, 570, 844, 737, 1053, 123, 925, 400, 1036, 387, 1495, 382, 997, 784, 1445, 1182, 1078, 150, 2, 367, 1093, 733, 406]","[1073, 236, 41, 209, 121]","[201, 1182, 123, 367, 576]"
341,"[287, 131, 1367, 174, 190, 55, 57, 188, 656, 31, 1127, 99, 557, 516, 128, 812, 178, 142, 22, 122, 208, 605, 300, 130, 366, 143, 546, 192, 46, 655, 481, 407, 432, 250, 486, 211, 498, 380, 215, 319, 10, 168, 148, 113, 487, 485, 181, 427, 8, 11, 474, 513, 13]","[763, 543, 573, 1047, 723, 219, 1165, 1072, 1299, 1008, 771, 1013, 281, 1166, 325, 865, 1314, 691, 874, 87, 1015, 323, 1009]","[250, 486, 10, 407, 287]","[1008, 771, 543, 1299, 1015]"
342,"[134, 81, 654, 274, 19, 11, 473, 422, 210, 791, 482, 227, 190, 162, 457, 918, 7, 653, 249, 198, 777, 979, 474, 131, 497, 498, 68, 193, 99, 51, 174, 10, 168, 426, 173, 22, 323, 520, 613, 529, 0, 507, 179, 230, 85, 356, 296, 56, 152, 333, 526, 448, 3, 49, 175, 656, 235, 64, 133, 97, 178, 1038, 126, 6, 55, 80, 317, 8, 522, 27, 275, 605, 222, 52, 153, 407, 509, 202, 214, 12, 495, 63, 530, 71, 662, 424, 257, 115, 734, 714, 316, 477, 962]","[950, 545, 357, 154, 929, 67, 233, 567, 554, 1046, 259]","[777, 222, 654, 126, 56]","[259, 154, 67, 233, 1046]"
343,"[305, 118, 174, 662, 567, 314, 44, 189, 194, 11, 8, 190, 175, 207, 182, 250, 356, 271, 136, 486, 7, 1141, 150, 13, 123, 88, 173, 197, 366, 126, 284, 693, 708, 515, 168, 528, 49, 587, 407, 1019, 63, 99, 172, 301]","[1164, 763, 843, 121, 318]","[172, 136, 197, 662, 174]","[318, 763, 843, 121, 1164]"
345,"[32, 132, 133, 290, 878, 173, 21, 571, 430, 11, 49, 299, 179, 55, 180, 171, 1, 495, 317, 519, 54, 126, 384, 78, 181, 95, 514, 565, 194]","[726, 1109, 16, 52, 615, 183, 374, 324, 275, 90, 239, 841, 1231, 668, 1010, 394, 364, 1187]","[194, 78, 430, 565, 317]","[52, 1109, 275, 668, 615]"
346,"[21, 78, 143, 167, 434, 68, 84, 287, 299, 471, 238, 81, 290, 181, 131, 297, 54, 55, 124, 409, 958, 126, 720, 97, 272, 171, 232, 67, 402, 186, 156, 76, 239, 355, 116, 469, 30, 762, 332, 49, 1038, 180, 654, 244, 549, 202, 741, 75, 187, 685, 976, 155, 292, 176, 281, 179, 248, 10, 185, 410, 692, 356]","[316, 1087, 322, 1282, 818, 323, 698, 293, 826, 270, 830, 981, 370, 385, 1046, 90, 925, 259, 362, 1290]","[238, 186, 958, 685, 97]","[90, 385, 1046, 270, 818]"
362,"[1494, 188, 1006, 54, 113, 1018, 306, 151, 127, 473, 168, 95, 427, 136, 221, 751, 10, 116, 447, 297, 316, 656, 709, 184, 171, 170, 55, 746, 407, 49, 89, 172, 247, 234, 918, 3, 46, 428, 222, 11, 149, 301, 454, 7, 99, 312, 180]","[181, 211, 554, 416, 471, 958, 144, 349, 4, 386, 553, 100, 332, 556, 630, 1511, 759, 158, 71, 536, 1213, 28, 570, 830, 230, 677, 978, 249, 225, 574, 681, 815, 853, 324, 1013, 66, 119, 1214, 736, 750, 385, 1477, 383]","[113, 316, 10, 746, 751]","[681, 1013, 144, 119, 416]"
364,"[300, 812, 320, 149, 287, 1136, 99, 339, 267]","[893, 947, 293, 308, 351]","[287, 339, 1136, 267, 812]","[308, 893, 293, 947, 351]"
372,"[693, 723, 153, 289, 240, 88, 67, 113, 277, 203, 209, 101, 450, 377, 268, 317, 195, 708, 777, 47, 654, 431, 188, 185, 164, 70, 172, 180, 274, 1118, 165, 430, 168, 94, 82, 945, 495, 98, 21, 258, 49, 417, 11, 171, 644, 152, 169, 734, 189, 167]","[81, 1112, 1086, 570, 576, 134]","[268, 171, 693, 723, 430]","[1086, 134, 1112, 570, 81]"
373,"[128, 124, 199, 734, 181, 879, 222, 215, 236, 769, 86, 1045, 27, 691, 264, 1041, 229, 309, 465, 70, 99, 55, 143, 185, 160, 923, 225, 68, 871, 549, 962, 464, 96, 63, 457, 47, 117, 76, 567, 173, 97, 196, 184, 1009, 191, 228, 281, 741, 227, 761, 683, 152, 442, 692, 240, 545, 24, 116, 30]","[976, 1027, 8, 423, 6, 115, 1149, 757, 931, 474, 368, 167, 543, 1013, 288, 1214, 1048, 927, 742, 462, 831, 641, 246, 247, 557, 1000, 239, 67, 283, 712, 178, 456, 195, 822, 476]","[734, 465, 769, 1009, 215]","[456, 115, 1013, 423, 1214]"
379,"[529, 285, 11, 189, 88, 301]","[1443, 61, 572, 30, 669, 138, 501]","[88, 529, 11, 189, 285]","[1443, 669, 61, 30, 138]"
384,"[1366, 220, 523, 473, 1535, 284, 488, 55, 47, 407, 479, 113, 1128, 127, 188, 1020, 1096, 602, 1523, 184, 478, 895, 7, 133, 168, 191, 649, 17, 850, 237, 1153, 674, 1157, 944, 31, 429, 234, 45, 1251, 651, 1498, 653, 511, 854, 181, 1069, 655, 487, 496, 29, 22]","[194, 766, 81, 1134, 384, 41, 180, 28, 450, 144, 185, 870, 383, 443, 738, 49, 253, 1036, 726, 52, 132, 382, 218, 233, 209, 377, 203]","[895, 1020, 29, 113, 854]","[41, 180, 209, 233, 218]"
386,"[55, 31, 199, 1006, 223, 200, 843, 167, 460, 692, 181, 168, 853, 1142, 188, 51, 1198, 23, 113, 356, 222, 1239, 548, 208, 49, 134, 155, 237, 227, 92, 951, 98, 191, 714, 514, 189, 192, 433, 21, 473, 579, 918, 678, 855, 128, 204, 88, 6, 512, 174, 99, 178, 27, 11, 640, 187, 173, 213, 726]","[691, 563, 696, 983, 151, 440, 457, 318, 789, 745, 160, 1133, 767, 768, 1090, 805, 731, 618, 26, 240, 1077, 288, 476, 28, 238, 242, 730, 675]","[155, 192, 1006, 99, 189]","[731, 983, 440, 745, 768]"
391,"[177, 301, 164, 22, 178, 318, 97, 320, 1141, 165, 7, 510, 631, 267, 98, 198, 179, 169, 133, 649, 171, 514, 288, 490, 245, 126, 256, 208, 481, 704, 614, 271, 1006, 196, 49, 180, 312, 339, 190, 512, 516, 836, 603, 315, 268, 656, 173, 527]","[297, 248, 1257, 323, 270, 259]","[312, 603, 178, 173, 165]","[270, 248, 297, 259, 1257]"
392,"[762, 11, 135, 1445, 341, 327, 49, 1168, 590, 393, 315, 171, 146, 172, 269, 1015, 495, 142, 314, 786]","[889, 714, 788, 791, 395, 99, 830, 996, 39, 134, 16, 121]","[495, 327, 786, 315, 393]","[996, 714, 830, 39, 395]"
396,"[6, 177, 55, 656, 704, 301, 173, 512, 503, 482, 614, 176, 126, 155, 170, 134, 22, 196, 422, 640, 99, 191, 198, 610, 133, 171, 49, 185, 181, 479, 57, 483, 356, 473, 521]","[987, 893, 260, 321, 877, 456, 1000, 687, 988, 679, 990, 242]","[99, 185, 521, 512, 191]","[687, 321, 242, 987, 988]"
398,"[923, 195, 587, 93, 474, 745, 317, 746, 142, 146, 14]","[1273, 322, 1245, 759, 337, 550, 574, 443, 615, 237, 551, 779]","[93, 195, 746, 923, 587]","[337, 1273, 615, 551, 443]"
400,"[203, 434, 195, 161, 143, 527, 552, 315, 734, 565]","[134, 293, 49, 341, 472, 224, 153, 167, 234, 476, 150, 126, 891, 750, 633, 662, 187]","[527, 552, 434, 161, 565]","[293, 750, 234, 134, 187]"
404,"[209, 691, 185, 171, 134, 126, 574, 450, 526, 672, 317, 191, 422, 948, 558, 451, 654, 49, 65, 66, 731, 72, 426, 650, 938, 1062, 402, 21, 93, 375, 131, 214, 194, 233, 218, 355, 1052, 841, 203, 22, 11, 142, 735, 237, 1217, 793, 172, 419, 217, 207, 63, 37, 287, 46, 570, 186, 417, 734, 780, 391, 1040, 98, 356, 428, 791, 180, 173, 78]","[591, 1581, 170, 579, 1408, 993, 386, 1431, 1176, 1502, 523, 569, 720, 464, 582, 1577, 413, 429, 772, 646, 788, 1117, 425, 1337, 655, 1560, 439, 721, 539, 996, 1099, 441, 699, 1433, 1564, 1468, 963, 1249, 449, 718, 1229, 205, 1530, 694, 91, 638, 469, 1554, 421, 1352, 1206, 61, 770, 1246, 187, 577, 1562, 349, 774, 649, 1315, 1274, 550, 1112, 1108, 784, 29, 758, 1057, 1316, 958, 448, 168, 1028, 1247, 370, 592, 1434, 1166, 395, 1420, 1177, 1556, 578, 509, 764, 1561, 1174, 1179, 1003, 529, 651, 521, 1423, 216, 669, 436, 1585, 1317, 940, 227, 540, 513, 622, 86, 1065, 1109, 462, 226, 1390, 1167, 1579, 1267, 998, 307, 1383, 752, 1529, 76, 174, 668, 141, 792, 1478, 188, 573, 399, 777, 30, 663, 652, 1239, 621, 1138, 946, 1565, 48, 647, 771, 1209, 1588, 211, 551, 468, 1110, 178, 1591, 995, 1098, 1017, 1266, 206, 1399, 556, 648, 1345, 811, 790, 760, 725, 1, 553, 1438, 559, 373, 1220, 1252, 1587, 1165, 1589, 1147, 524, 775, 956, 1586, 768, 210, 1306, 787, 666, 1107, 713, 1570, 970, 1199, 1548, 626, 701, 642, 398, 568, 40, 1181, 547, 1557, 38, 1574, 1158, 1273, 719, 50, 1424, 1578, 706, 1183, 1238, 1521, 554, 1103, 182, 527, 555, 1538, 1178, 1230, 1041, 1584, 67, 1421, 420, 1441, 903, 1477, 183, 1192, 1559, 1205, 801, 1470, 536, 1552, 1516, 198, 1558, 1031, 644, 806, 778, 508, 1403, 1483, 1030, 1575, 1436, 1077, 363, 390, 785, 514, 1248, 561, 1568, 1567, 715, 382, 1398, 797, 1407, 51, 232, 1223, 1358, 583, 548, 584, 57, 148, 809, 1221, 535, 56, 378, 1473, 711, 1224, 1582, 54, 1467, 1090, 82, 560, 47, 693, 1071, 200, 1437, 552, 1029, 557, 1393, 515, 848, 773, 852, 1569, 696, 807, 1231, 678, 641, 36, 665, 1069, 1218, 783, 789, 100, 1035, 1414, 1404, 858, 959, 1406, 463, 1106, 376, 1571, 769, 850, 1440, 437, 744, 44, 350, 562, 440, 60, 1547, 438, 673, 1296, 1498, 954, 1194, 366, 563, 565, 1228, 1064, 815, 1227, 781, 79, 714, 674, 920, 41, 1020, 42, 70, 1260, 661, 517, 1508, 101, 942, 625, 950, 707, 528, 860, 1580, 1583, 854, 746, 1193, 59, 726, 544, 776, 364, 857, 722, 1034, 1072, 31, 1304, 859, 542, 32, 853, 1061, 445, 525, 1310, 160, 228, 167, 745, 941, 380, 43, 1576, 1018, 435, 64, 1333, 202, 1005, 1486, 1550, 58, 855, 240, 1555, 736, 1566, 969, 1307, 919, 1590, 1411, 181, 697, 1545, 302, 397, 400, 511, 541, 1551, 1563, 1191, 1543, 1573, 639, 667, 1534, 732, 26, 1265, 724, 371, 671, 193, 723, 1487, 381, 1463, 434, 45, 939, 729, 1026, 756, 340, 88, 1068, 1428, 708, 737, 1528, 169, 1572, 465, 1089, 620, 664, 640, 384, 1042, 1004, 805, 427, 1305, 971, 1207, 637, 876, 175, 1381, 1259, 656, 85, 575, 109, 1444, 176, 1422, 1474, 512, 374, 1245, 195, 957]","[217, 731, 654, 171, 450]","[47, 726, 669, 774, 706]"
405,"[47, 155, 317, 604, 644, 462, 500, 700, 194, 611, 481, 198, 180, 434, 98, 49, 163, 646, 510, 182, 632, 41, 588, 1020, 525, 171, 174, 134, 640, 203, 473, 178, 210, 132, 433, 427, 497, 189, 623, 403, 51, 662, 193, 133, 95, 498, 190, 120, 128, 31, 417, 131, 179, 512, 96, 284, 708, 660, 656, 175, 630, 670, 431, 55, 8, 184, 209, 461, 381, 153]","[418, 208, 24, 768, 513, 205, 467, 142, 609, 236, 574, 283, 562, 501, 143]","[190, 155, 179, 163, 182]","[142, 609, 418, 574, 24]"
406,"[173, 237, 55, 172, 184, 99, 495, 208, 7, 97, 133, 153, 658, 190, 167, 168]","[399, 39, 394, 66, 1159]","[184, 237, 172, 208, 55]","[399, 394, 39, 66, 1159]"
408,"[49, 658, 58, 479, 478, 153, 202, 167, 428, 488, 96, 134, 473, 59, 190, 614, 513, 495, 88, 203, 426, 97, 171, 1193, 285, 185, 208, 660, 1448, 178, 606, 1557, 646, 13, 504, 99, 356, 1511, 1019, 179, 922, 602, 133, 510, 528, 177]","[1294, 287, 200, 517, 679, 263, 1392, 265, 878, 1391, 288, 889]","[1019, 133, 479, 1511, 177]","[288, 263, 265, 1392, 200]"
415,"[124, 355, 271, 209, 276, 233, 55, 303, 426, 177, 106, 478, 404, 50, 505, 116, 958, 63, 173, 300, 53, 606, 935, 21, 212, 965, 167, 500, 257, 287, 479, 495, 1006, 384, 203, 327, 442, 125, 154, 196, 746, 401, 81, 530, 338, 82, 738, 316, 195, 514, 691, 749, 80, 240, 1073, 282, 1425, 366, 745, 914, 143, 467, 683, 12, 247, 11, 587, 325, 155, 626, 86, 97, 69, 575, 356, 57, 461, 142, 525, 402, 193, 250, 1515, 590, 8, 285, 0, 126, 274, 312, 198, 120, 49, 762, 657, 194, 659, 1015, 23, 208, 180, 675, 318, 470, 238, 30, 186, 1261, 753, 280, 685, 475, 27, 1057, 210, 793, 171, 96, 199, 215, 65, 499, 64, 1019, 872, 317, 734, 7, 294, 182, 377, 190, 728, 214, 135, 698, 508, 624, 656, 147, 1188, 613, 450, 689, 1220, 231, 1118, 264, 163, 420, 301, 149, 923, 281, 292, 519, 344, 172, 726, 146, 254, 222, 602, 1285, 731, 391, 654, 99, 309, 658, 1593, 78]","[873, 42, 1335, 224, 584, 306, 374, 85, 158, 239, 1076, 541, 1336]","[753, 519, 96, 366, 935]","[541, 239, 42, 1076, 158]"
416,"[82, 195, 63, 194, 10, 97, 175, 80, 726, 482, 55, 88, 285, 384, 213, 517, 745, 172, 14, 641, 185, 512, 356, 94, 639, 189, 222, 54, 124, 722, 179, 150, 190, 152]","[544, 768, 684, 323, 554, 848, 1287, 766, 211]","[482, 14, 82, 94, 213]","[323, 848, 1287, 684, 211]"
423,"[8, 293, 274, 288, 322, 332, 537, 739, 1083, 99, 989]","[688, 287, 114, 0, 968]","[739, 293, 322, 537, 989]","[0, 287, 114, 688, 968]"
424,"[270, 474, 171, 55, 221, 287, 301, 155, 356, 345, 167, 11, 91, 49]","[312, 258, 677, 689, 362, 840, 285, 561, 596, 243, 337, 288, 117, 397, 975, 216, 1109, 4, 318, 325, 1012, 826]","[301, 49, 11, 55, 91]","[1012, 1109, 288, 596, 4]"
428,"[85, 510, 430, 317, 1038, 426, 133, 169, 14, 210, 165, 164, 136, 530, 11, 601, 167, 150, 701, 237, 149, 247, 275, 68, 483, 21, 297, 113, 526, 180, 49, 189, 190, 339, 171, 482, 202, 469, 99, 1100, 41, 497, 179, 356, 506, 198]","[139, 1032, 456, 499, 52, 842, 1437, 439]","[469, 133, 190, 526, 11]","[1032, 1437, 139, 499, 52]"
433,"[545, 219, 124, 1094, 762, 1151, 236, 974, 476, 110, 927, 273, 150, 286, 287, 973, 117, 410, 1196]","[8, 346, 6, 742, 627, 423]","[219, 974, 110, 286, 1094]","[742, 627, 346, 8, 423]"
434,"[461, 627, 272, 159, 172, 342, 409, 170, 183, 312, 81, 51, 49, 10, 173, 199, 833, 712, 384, 317, 167, 432, 11, 198, 182, 245, 175, 194, 30, 158, 205, 1267, 171, 218, 561, 330, 44, 63, 577, 0, 24, 95, 306, 178, 918, 267, 55, 180, 54, 9, 168, 176, 97, 429, 762]","[759, 541, 26, 671, 960, 889, 161, 1410, 861, 423, 572, 1150, 1184, 368, 107, 1290, 819, 823]","[158, 429, 170, 194, 9]","[1184, 107, 368, 26, 819]"
436,"[1120, 418, 13, 196, 450, 1152, 498, 422, 49, 662, 478, 97, 130, 403, 482, 132, 215, 472, 275, 123, 656, 131, 207, 380, 653, 1006, 11, 133, 606, 496, 581, 735, 150, 462, 136, 237, 184, 481, 1035, 602, 1598, 274, 203, 613, 427, 142, 708, 173, 506, 477, 291, 169, 220, 1062, 510, 416, 715, 152, 960, 248, 400, 201, 318, 461]","[639, 282, 736, 580, 671, 1089, 10, 50, 280, 641, 701, 144, 252, 582, 202, 225, 116, 128]","[422, 380, 184, 1062, 132]","[701, 50, 202, 144, 282]"
441,"[635, 709, 55, 694, 63, 175, 227, 171, 91]","[13, 768, 987, 870, 985]","[175, 55, 635, 171, 91]","[985, 13, 870, 987, 768]"
444,"[474, 958, 345, 339, 55]","[596, 409, 822, 627, 918, 122, 1244, 120, 245, 828, 294, 116, 247, 830, 880, 747, 324, 234, 907, 220, 309, 1251, 323, 1600, 741, 1009, 1597, 267, 54, 6, 761, 1096, 1011, 817, 1007, 751, 839, 1010, 1198, 1080, 688, 301, 1013, 1050, 1046, 288, 299, 280, 993, 1533, 342, 92, 1066, 270, 932, 1015]","[345, 474, 55, 958, 339]","[1198, 324, 1009, 270, 54]"
447,"[268, 895, 749, 344, 318, 301, 1061, 1021, 269]","[1293, 315, 337, 300, 287, 311]","[895, 344, 268, 1021, 749]","[300, 311, 1293, 287, 315]"
449,"[469, 141, 215, 161, 143, 178, 658, 1159, 495, 386, 264, 193, 941, 142, 236, 151, 519, 210, 903, 138, 522, 477, 88, 237, 48, 173, 418, 922, 1151, 100, 271, 735, 706, 513, 610, 904, 501, 1191, 192, 606, 126, 377, 207, 631, 131, 750, 1038, 966, 473, 481, 281, 152, 198, 356, 1171, 505, 312, 1220, 135, 506, 489, 301, 25, 650, 184, 168, 1152, 181, 186, 238, 496, 526, 379, 165, 608, 1219, 277, 190, 196, 605, 621, 426, 480, 935, 125, 291, 166, 430, 647, 214, 899, 87, 268, 793, 632, 86, 167, 556, 498, 172, 160, 415, 504, 527, 195, 132, 113, 510, 317, 306, 49, 22, 32, 484, 491, 723, 721, 602, 10, 422, 150, 503, 21, 169, 515, 583]","[678, 907, 1183, 1029, 699, 213]","[196, 469, 706, 632, 430]","[699, 213, 1029, 678, 1183]"
450,"[293, 330, 259, 287, 332, 327, 677, 872]","[288, 881, 261, 682, 1391, 298, 994, 241, 307, 687, 1393, 1025, 882, 988, 679, 879, 285, 883, 1279, 1394, 680, 987, 877, 357, 886, 1037, 884]","[332, 293, 330, 327, 677]","[988, 298, 1279, 882, 994]"
451,"[190, 26, 88, 120, 68, 184, 596, 791, 268, 482, 1426, 160, 493, 242, 635, 923, 481, 478, 442, 464, 422, 47, 153, 946, 317, 862, 517, 196, 21, 123, 495, 6, 126, 471, 69, 99, 606, 178, 480, 198, 49, 824, 479, 222, 97]","[60, 275, 200, 185, 1533, 457, 59, 1088, 454, 1402, 779, 728, 1382, 1012, 1056, 93, 455, 1409]","[923, 160, 471, 480, 47]","[1409, 457, 1012, 200, 59]"
452,"[245, 6, 41, 10, 171, 99, 275, 155, 474, 49, 356, 11, 21, 180, 692, 55, 271]","[1031, 423, 870, 825, 796, 119, 1036, 1078]","[275, 180, 11, 6, 692]","[1036, 1078, 796, 423, 119]"
453,"[271, 691, 317, 312, 7]","[874, 10, 75, 355, 88, 259, 960, 97, 110, 80]","[317, 312, 691, 7, 271]","[960, 75, 97, 88, 80]"
455,"[478, 659, 169, 178, 602, 171, 474, 345, 1009, 267, 473, 581, 1008, 126, 55, 13]","[293, 671, 381, 404, 71]","[13, 478, 602, 171, 1008]","[293, 381, 404, 71, 671]"
457,"[190, 846, 151, 11, 955, 85, 292, 316, 8, 407, 126, 429, 168, 13, 749, 979, 587, 525, 895, 133, 202, 57, 653, 513, 1066, 282, 297, 186, 483, 301, 55, 1038, 136, 78, 275, 274, 530, 482]","[409, 332, 716, 56, 300, 581, 120, 249, 24, 959, 96, 1334]","[846, 749, 136, 407, 316]","[300, 409, 332, 96, 959]"
458,"[120, 7, 21, 249, 865, 147, 471, 6, 116, 988, 171, 97, 293, 306, 256]","[1059, 99, 545, 107, 234, 476, 1013]","[116, 865, 988, 471, 306]","[1013, 476, 545, 99, 1059]"
462,"[126, 123, 220, 115, 257, 19, 300, 252, 282, 886, 301, 18, 274, 268]","[1131, 346, 592, 20, 409, 9, 102, 929, 1163, 1116, 13, 740, 361, 111, 287, 951, 1243, 925, 318, 242, 818, 270, 0, 538, 984, 1198]","[18, 301, 257, 115, 300]","[270, 818, 102, 1243, 1116]"
465,"[330, 314, 881, 901, 116, 301, 343, 305, 95, 994, 312, 143, 21, 1175, 173, 1606, 49, 16, 898, 908, 240]","[307, 1, 681, 323, 897, 230]","[898, 881, 301, 1175, 908]","[1, 897, 681, 230, 323]"
470,"[139, 476, 93, 7, 101, 421, 931, 464, 224, 81, 392]","[595, 587, 419, 431, 626]","[421, 93, 931, 224, 476]","[626, 419, 431, 587, 595]"
471,"[10, 192, 257, 167, 448, 249, 180, 399, 119, 194, 746, 317, 608, 379, 567, 738, 254, 577, 216, 551, 474, 719, 287, 2, 558, 657, 1118, 48, 0, 560, 430, 228, 654, 747, 361, 929, 745, 476, 203, 71, 549, 750, 540, 65, 227, 89, 184, 55, 6, 67, 1089, 767, 342, 182, 11, 120, 27, 575, 1109, 68, 50, 270, 312, 28, 100, 1073, 225, 238, 63, 185, 172, 81, 1, 209, 131, 171, 1238, 596, 93, 809, 385, 173, 741, 32, 561, 357, 23, 160, 174, 78, 374, 759, 659, 431, 404, 366, 402, 229, 221, 124, 1138, 420, 230, 471, 422, 175, 226, 190, 90, 21, 824, 401, 384, 830, 553, 915, 99, 207, 602, 234, 49, 865, 201, 61, 548, 95]","[757, 950, 583, 547, 77]","[257, 89, 741, 180, 120]","[950, 757, 583, 77, 547]"
475,"[193, 709, 210, 185, 167, 172, 299, 207]","[1036, 584, 889, 318, 324]","[193, 210, 299, 185, 207]","[889, 1036, 318, 584, 324]"
477,"[142, 317, 150, 275, 495, 287, 380, 97, 762, 236, 215, 356, 41, 339, 25, 450, 567, 842, 466, 11, 63, 14, 181, 143, 709, 99]","[865, 349, 144, 71, 742, 230, 1269, 6, 39, 76, 67]","[495, 14, 63, 142, 842]","[6, 144, 1269, 742, 349]"
478,"[167, 173, 488, 631, 126, 180, 0, 281, 944, 172, 182, 257, 317, 726, 510, 197, 650, 1141, 7, 479, 473, 156, 407, 168, 608, 198, 469, 233, 497, 646, 199]","[324, 285, 1012, 70, 121, 839, 357, 738, 260, 178, 323, 397, 294, 587, 471, 687, 1443, 1027, 755, 985, 142, 337, 474, 339]","[156, 317, 233, 646, 198]","[738, 294, 397, 121, 357]"
483,"[69, 194, 95, 650, 264, 227, 777, 257, 0, 201, 317, 68, 55, 292, 923, 587, 49, 14, 226, 96, 256, 229, 654, 312, 203, 172, 691, 180, 221, 135, 426, 78, 228, 173, 27, 152, 21, 683, 232, 731, 86, 171, 422, 467, 209]","[52, 8, 23, 950, 392]","[201, 78, 654, 203, 68]","[392, 52, 8, 950, 23]"
485,"[470, 284, 871, 257, 126, 6, 886, 123, 13, 879, 1597, 1136, 514, 8, 250, 49, 99, 1141, 812, 301, 1404]","[298, 249, 261, 677, 305, 105]","[871, 1404, 514, 99, 250]","[298, 261, 105, 677, 249]"
486,"[279, 469, 292, 116, 11, 135, 264, 44, 86, 160, 193, 195, 201, 731, 67, 297, 793, 182, 78, 127, 2, 173, 299, 683, 1018, 920, 272, 954, 96, 238, 95, 741, 229, 650, 0, 1015, 377, 81, 30, 54, 257, 651, 175, 271, 143, 99, 124, 691, 269, 1409, 57, 587, 65, 595, 149, 398, 965, 63, 97, 26, 21, 177, 10]","[251, 977, 822, 411, 24, 571, 248, 1073, 247, 688, 230, 1313, 339]","[143, 127, 65, 257, 920]","[230, 251, 571, 977, 24]"
487,"[467, 86, 63, 189, 214, 650, 632]","[258, 10, 237, 889, 288, 285, 322]","[63, 86, 214, 650, 189]","[288, 322, 285, 10, 889]"
492,"[68, 750, 430, 120, 81, 99, 209, 651, 545, 78, 527, 526, 1277, 326, 264, 317, 171, 175, 149, 94, 49, 257, 58, 180, 116, 454, 482, 170, 21, 208, 356, 70, 187, 182, 238, 200, 167, 181, 233, 256, 203, 185, 434, 273]","[155, 410, 686, 274, 270, 875, 259, 1012, 880]","[21, 81, 58, 180, 233]","[259, 410, 875, 270, 274]"
494,"[173, 70, 152, 412, 139, 229, 378, 55, 199, 234, 67, 171, 108, 221, 216, 391, 162, 580, 469, 1134, 741, 213, 649, 388, 464, 49, 281, 356, 495, 226, 146, 167, 183, 194, 1117, 53, 150, 227, 63, 97, 683, 1045, 156, 434, 1468, 422, 415, 10, 943, 185, 430, 504, 264, 522, 100, 175, 180, 471, 233, 78, 402, 448, 172, 120, 85, 231, 119, 1244, 178, 1078, 520, 182, 431, 181, 184, 81, 210, 490, 377, 1187, 632, 654, 209, 661, 207, 8, 1206, 447, 392, 1038]","[52, 830, 1418, 142, 394, 420, 664, 567, 418, 576]","[741, 227, 210, 85, 183]","[420, 1418, 142, 52, 418]"
495,"[726, 920, 41, 86, 38, 180, 773, 132, 531, 560, 88, 49, 172, 171, 190, 55, 9, 651, 276, 558, 720, 189, 216]","[96, 1443, 135, 227, 377, 226, 1059, 1228, 392, 416, 93, 154, 1156, 495, 415, 1090, 1040, 87]","[726, 720, 560, 190, 9]","[1040, 135, 154, 87, 1228]"
496,"[160, 167, 126, 723, 186, 745, 172, 1239, 651, 180, 21, 155, 171, 248, 49]","[1184, 241, 411, 1, 121, 1176, 1029, 439, 794]","[160, 745, 172, 186, 248]","[1, 121, 1184, 1176, 439]"
499,"[835, 970, 174, 275, 55, 41, 234, 245, 707, 474, 134, 513, 267, 610, 478, 1159, 59, 6, 133, 169, 12]","[1162, 274, 720, 583, 43, 995, 567, 774, 411, 285, 1310, 551, 214, 1468]","[835, 267, 245, 234, 134]","[43, 274, 214, 567, 285]"
502,"[180, 658, 899, 126, 172, 136, 312, 606, 240, 560, 487, 232, 653, 245, 19, 175, 777, 44, 133, 429, 1193, 497, 167, 317, 557, 185, 481, 296, 209, 215, 49, 274, 18, 9, 426, 131, 614, 442, 132, 739, 165, 422, 431, 267, 46, 0, 706, 212, 1474, 225, 233, 129, 693, 78, 173, 182, 495, 268, 222, 581, 305, 220, 189, 196, 97, 99, 346, 123, 210, 171, 85, 962, 302, 380, 115, 43, 282, 82, 184, 7, 632, 186, 508]","[1315, 384, 155, 639, 839, 279, 752, 738, 451, 462]","[18, 962, 220, 99, 133]","[279, 839, 155, 462, 1315]"
503,"[413, 287, 132, 70, 1135, 131, 257, 67, 256, 97, 317, 222, 447, 391, 126, 728, 475, 184, 558, 291, 734, 453, 167, 99]","[178, 239, 450, 121, 1036, 1092]","[222, 291, 475, 391, 70]","[1092, 1036, 239, 121, 450]"
504,"[497, 401, 377, 132, 495, 525, 587, 21, 603, 312, 131]","[988, 747, 186, 257, 55, 153, 101, 126, 181]","[603, 587, 21, 377, 497]","[181, 747, 257, 988, 126]"
505,"[493, 49, 509, 519, 175, 602, 661, 81, 181, 660, 529, 610, 403, 182, 174, 233, 214, 422, 209, 434, 68, 745, 180, 186, 567, 496, 683, 167, 398, 7, 741, 481, 94, 201, 70, 1018, 709, 78, 495, 656, 704, 173, 522, 193, 176, 203, 1062, 520, 640, 204, 134, 11, 171, 88, 513, 227]","[474, 1109, 771, 80, 891, 929, 223, 1088, 675, 879, 323]","[174, 204, 683, 745, 173]","[223, 675, 474, 771, 80]"
518,"[1616, 351, 1279, 334, 348, 908, 335, 1591, 262, 907, 298, 877, 1061, 1590, 329, 265, 1292, 312, 350, 679, 339, 349, 1611, 902, 1294, 1237, 878, 873, 267, 1433, 347, 886]","[242, 323, 324, 258, 681]","[312, 679, 1292, 1061, 350]","[323, 242, 324, 681, 258]"
520,"[205, 267, 108, 11, 238, 41]","[80, 290, 742, 1058, 16, 1012, 826, 214]","[267, 41, 11, 238, 108]","[80, 16, 290, 1058, 1012]"
523,"[204, 88, 659, 181, 186, 178, 126, 526, 645, 285, 99, 96, 844, 503, 1165, 577, 128, 708, 110, 132, 123, 510, 481, 210, 446, 366, 653, 497, 507, 215, 692, 240, 1420, 13, 38, 699, 22, 207, 301, 432, 513, 5, 1072, 130, 59, 133, 211, 613]","[150, 604, 1153, 183, 540, 780, 80, 583, 639, 431, 1064, 418, 1125, 234, 417, 954]","[577, 526, 240, 110, 432]","[1153, 418, 234, 183, 604]"
525,"[268, 314, 675, 407, 935, 0, 292, 1083, 49, 474, 99, 301, 284, 844, 271, 312]","[677, 242, 747, 543, 259]","[292, 0, 407, 49, 312]","[543, 242, 677, 747, 259]"
530,"[989, 322, 311, 301, 285, 689, 897, 328, 312]","[456, 357, 287, 687, 337, 889, 258, 893, 907]","[897, 312, 989, 689, 328]","[893, 889, 687, 287, 907]"
532,"[49, 449, 126, 429, 495, 221, 567, 180, 312, 209, 132, 99, 19, 196, 746, 422, 662, 204, 124, 317, 131, 659, 738, 116, 63, 675]","[1176, 474, 121, 46, 239, 275, 411, 381, 283, 175, 823, 119, 1290, 553, 52, 1000, 146]","[738, 124, 662, 429, 132]","[1290, 1000, 239, 553, 1176]"
536,"[133, 204, 643, 134, 261, 542, 126, 473, 510, 55]","[681, 1064, 205, 142, 686, 587, 680, 456, 89, 101, 94, 1104, 351, 401, 1018, 874, 234, 348, 258, 454, 280, 242, 425, 23, 293, 738, 677, 321, 987, 687, 322, 337, 1128, 538, 288, 546, 1024, 120, 1162, 947, 71, 108, 313, 688, 1419, 1153, 889, 324, 893, 299, 900, 927]","[55, 126, 133, 643, 542]","[1104, 242, 538, 142, 1128]"
540,"[209, 780, 659, 418, 180, 256, 7, 650, 49, 475, 233, 141, 754, 90, 417, 70, 658, 139, 945, 78, 377, 264, 473, 171, 677, 82, 923, 708, 172, 458]","[768, 234, 876, 1073, 1441, 258, 1314, 541, 110, 1411]","[172, 923, 256, 70, 377]","[234, 1441, 1411, 768, 876]"
547,"[272, 117, 146, 656, 221, 30, 269, 602, 503, 6, 11, 22, 653, 120, 38, 312, 465, 99, 184, 294, 228, 155, 256, 202, 78, 524, 741, 225, 55, 54, 232, 49, 299, 290, 249, 430, 514, 97, 126, 163, 470, 182]","[476, 990, 344, 13, 339, 343, 2, 897, 12, 285, 304, 253, 8, 150]","[49, 741, 120, 221, 272]","[897, 2, 339, 12, 344]"
550,"[683, 577, 689, 364, 863, 259, 580, 21, 131, 560, 317, 581, 315, 565, 120, 160, 134, 615, 14, 958, 741, 237, 184, 202, 745, 61, 192, 126, 470, 549, 316, 446, 78, 41, 779, 55, 657, 824, 526, 97, 221, 826, 974, 155, 117, 590, 504, 475, 229, 692, 2, 179, 942, 143, 553, 327, 271, 330, 23, 10, 215, 848, 116, 709, 187, 54, 281, 194, 314, 94, 226, 734, 181, 185, 197, 761, 1442, 923, 773, 71, 1134, 231, 204, 808, 409, 602, 762, 176, 91, 1010, 186, 467, 6, 469, 595, 356, 280, 167, 635, 225, 110, 66, 654, 530, 208, 96, 432, 392, 63, 1135, 195, 1438, 558, 1219, 8, 161, 384, 81, 217, 218, 227, 332, 720, 1117, 210, 32, 726, 16, 275, 50, 228, 627, 474, 95, 365, 57, 191]","[755, 12, 90, 422, 24, 718, 1086, 383, 1206, 714, 1078, 1375, 79, 37, 454, 684, 216, 1216, 89, 1418, 234, 571, 410, 707, 1620, 760, 83, 450, 823, 385, 39, 1303, 764, 183, 1302, 671, 84]","[116, 134, 974, 549, 184]","[24, 12, 39, 760, 571]"
558,"[187, 314, 190, 198, 317, 215, 518, 68, 225, 195, 143, 519, 204, 565, 862, 512]","[293, 237, 659, 21, 201]","[190, 862, 198, 565, 195]","[659, 201, 21, 237, 293]"
560,"[22, 6, 639, 345, 272, 1448, 11, 1511, 431, 182, 606, 651, 55, 473, 170, 610]","[142, 108, 1138, 467, 409, 218, 889, 239, 242, 894, 355, 370, 558, 789, 718, 549, 66, 425, 538, 779, 541, 95, 1058, 801, 545, 1228, 232, 76, 432, 635, 1293, 283, 691, 530, 68, 158, 1209, 225]","[473, 610, 170, 639, 1511]","[66, 232, 283, 68, 108]"
561,"[442, 461, 190, 417, 500, 726, 415, 401, 142, 143, 126, 134, 173, 193, 184, 172, 49, 87, 147, 431, 233, 484, 81]","[55, 113, 65, 88, 805, 229, 230, 3, 228, 203, 356, 513]","[49, 500, 431, 417, 193]","[229, 356, 3, 65, 88]"
565,"[1192, 241, 206, 156, 855, 404, 212, 126, 191, 1004, 162, 581, 99, 164, 272, 169, 1, 133, 1064, 495, 692, 63, 134, 136]","[394, 574, 218, 109, 385, 230, 77, 288]","[126, 164, 133, 136, 692]","[288, 574, 77, 109, 218]"
566,"[1018, 481, 1203, 220, 482, 516, 272, 495, 477, 175, 505, 496, 645, 640, 155, 59, 167, 292, 602, 652, 174, 187, 478, 184, 1021, 133, 31, 473, 646, 178, 197, 135, 480, 88, 186, 513, 656, 126, 433, 653, 506, 181, 1297, 196, 58, 488, 588, 704, 493, 524]","[251, 180, 173, 99, 49]","[175, 704, 184, 433, 178]","[99, 49, 251, 180, 173]"
567,"[605, 473, 1202, 614, 602, 478, 640, 482, 630, 487, 133]","[58, 1004, 987, 854, 300, 771, 511]","[614, 482, 1202, 605, 640]","[511, 854, 987, 1004, 58]"
581,"[749, 92, 6, 49, 474, 292, 918, 99, 312]","[947, 454, 410, 368, 293, 987]","[92, 6, 749, 99, 49]","[987, 410, 454, 368, 293]"
587,"[720, 364, 203, 98, 142, 346, 14, 332, 315, 277, 450, 219, 214, 281, 271, 171, 163, 418, 130, 84, 558, 132, 141, 1427, 416, 432, 131, 82, 958, 657, 644, 577, 484, 120, 420, 41, 470, 27, 401, 353, 366, 172, 940, 67, 161, 180, 62, 81, 1239, 1073, 1060, 7, 365, 238, 106, 154, 968, 267, 224, 11, 177, 87, 167, 21, 696, 312, 715, 369, 20, 215, 49, 233, 734, 300, 90, 264]","[831, 229, 879, 383, 1410, 97, 201, 66, 551, 158, 99, 110, 1310]","[154, 180, 67, 484, 715]","[1410, 97, 551, 99, 1310]"
588,"[312, 287, 258, 894, 293, 537, 299, 271, 872, 332, 338, 309, 303, 327]","[267, 339, 994, 306, 333, 335, 325, 323]","[303, 537, 287, 312, 332]","[306, 267, 994, 335, 339]"
591,"[123, 49, 203, 296, 432, 201, 287, 1133, 407, 200, 183, 846, 156, 250, 317, 186, 424, 196, 41, 302, 55, 257, 237, 272, 261, 271, 31, 167, 178, 168, 136, 63, 305, 214, 507, 704, 173, 918, 520, 312, 962, 10, 99, 319, 143, 13, 853, 172, 11, 533, 1513, 191, 420, 482, 220, 149, 192, 222, 852, 7, 588, 762, 521, 233, 190, 1198, 1072, 97, 465, 187, 292, 241, 1128, 131, 1183, 654, 685, 47, 177, 1142, 1009, 332, 171, 1066, 1069, 442, 466, 175, 223, 22, 91, 68, 301, 339, 513, 188, 267, 409, 14, 57, 1021, 195, 116, 284, 245, 275, 21, 8, 567, 95, 474, 886, 128, 46, 525, 297, 426, 422, 285, 526, 653, 181, 179, 314, 511, 197, 761, 734, 1141, 517, 98, 557, 184, 169, 182, 6, 202, 133, 530, 134, 602, 749, 12, 126, 1011]","[322, 335, 987, 1024, 875, 262, 456, 265, 1318, 431, 822, 618, 1608, 1264, 1046, 252, 321, 824, 260, 242, 300, 1022, 327, 880, 291, 889, 357, 471, 1257, 244, 221, 679, 892, 298, 682, 930, 891, 1275, 408, 687, 680, 1619, 983, 1078]","[520, 297, 1072, 41, 131]","[1257, 680, 357, 321, 1022]"
592,"[632, 195, 215, 69, 65, 99, 82, 68, 161, 658, 865, 240, 172, 356, 659, 160, 285, 965, 154, 97, 55, 738, 1118, 199, 254, 281, 152, 317, 416, 110, 477, 495, 178, 271, 125, 222]","[579, 275, 121, 1013, 39, 292]","[68, 658, 965, 222, 172]","[1013, 275, 579, 39, 121]"
594,"[1133, 507, 150, 180, 474, 951, 13, 1141, 49, 126]","[367, 925, 677, 1022, 1164, 825]","[180, 126, 474, 1141, 1133]","[1022, 677, 825, 1164, 367]"
600,"[180, 178, 90, 762, 153, 200, 131, 257, 1083, 172, 167, 49, 428, 920, 227]","[833, 622, 38, 139, 70, 475, 471, 286, 57, 841, 224, 1046, 124, 819, 672, 927, 122, 1295, 287, 404, 258, 863, 117, 742, 293, 420, 233, 81, 933, 14]","[167, 1083, 180, 49, 153]","[224, 672, 57, 117, 1046]"
604,"[126, 600, 136, 14, 132, 97, 317, 482, 461, 190, 520, 287, 99, 495, 527, 222, 131, 356, 125, 13, 68, 948, 370, 78, 407, 134, 507, 522, 525, 186, 63]","[830, 120, 142, 677, 237]","[356, 520, 14, 13, 222]","[677, 142, 120, 830, 237]"
607,"[1171, 64, 488, 608, 694, 1118, 237, 567, 97, 606, 184, 752, 195, 968, 274, 654, 659, 60, 698, 447, 356, 1038, 55, 10, 206, 605, 1261, 602, 85, 316, 442, 22, 82, 1062, 478, 504, 126, 78, 58, 287, 420, 196, 233, 513, 41, 215]","[885, 300, 198, 701, 49, 1182, 299, 171, 309, 417, 125, 194, 110, 156, 162, 167, 508]","[968, 442, 488, 513, 287]","[299, 508, 125, 162, 1182]"
608,"[286, 303, 407, 876, 284, 312, 14]","[537, 877, 900, 313, 907, 318, 889, 1011, 242, 258, 893, 0, 947, 146, 351]","[303, 284, 876, 286, 312]","[242, 258, 313, 351, 900]"
614,"[516, 1020, 198, 126, 193, 528, 631, 302, 210, 177, 174, 522, 186, 22, 427, 208, 735, 422, 637, 356, 426, 167, 190, 191, 212, 513, 47, 434, 13, 518, 85]","[258, 987, 677, 682, 1127]","[210, 126, 177, 637, 522]","[1127, 258, 682, 677, 987]"
616,"[184, 73, 199, 191, 319]","[859, 395, 293, 131, 52, 216, 589, 183, 568, 773, 144, 287, 562, 474, 312, 668, 200, 669, 169, 344, 268, 173, 452, 55, 422, 412, 423, 495, 451, 1611, 1315, 853, 16, 163, 546, 558, 815]","[73, 319, 184, 191, 199]","[163, 169, 131, 546, 853]"
617,"[184, 78, 49, 167, 191, 317, 422, 96, 116, 426, 403, 525, 22, 97, 186, 126, 431, 180, 650, 171, 173, 482, 199]","[1070, 123, 961, 89, 678, 237]","[317, 403, 126, 97, 167]","[123, 1070, 961, 237, 678]"
618,"[116, 402, 240, 225, 650, 312, 257, 299, 117, 567, 182, 21, 81, 384, 664, 143, 186, 549, 194, 175, 95, 297, 120, 78]","[808, 327, 61, 514, 54, 293, 28, 16]","[143, 116, 175, 384, 549]","[28, 293, 61, 54, 16]"
620,"[134, 180, 558, 116, 1011, 150, 248, 99, 943, 171, 256, 95, 623, 583, 384, 86, 270, 577, 685, 49, 312, 567, 153, 54, 2, 81, 7, 72, 78, 404]","[262, 450, 62, 400, 538, 893, 1035, 298, 889, 794]","[81, 150, 49, 384, 2]","[400, 538, 889, 794, 1035]"
621,"[11, 520, 431, 164, 143, 55, 49, 165, 736, 1038, 407, 596, 88, 384, 63, 183, 155, 168, 82, 221, 100, 99, 208, 212, 206, 97, 95, 194, 172, 78, 126, 6, 430, 171, 248, 108, 227, 180, 198]","[283, 119, 363, 372, 251, 117, 66, 395, 205, 1407, 120, 1406, 449, 1229, 1227, 2, 768]","[1038, 227, 108, 596, 172]","[119, 372, 1227, 449, 768]"
626,"[178, 466, 176, 57, 195, 317, 182, 696, 50, 204, 175, 99, 196, 21, 179, 6, 519, 186, 198, 270, 689, 88, 316, 192, 434, 63]","[698, 174, 739, 214, 1133, 225, 728, 32, 549]","[192, 198, 179, 434, 88]","[549, 739, 728, 174, 225]"
629,"[475, 116, 254, 594, 271, 297, 236, 215, 97, 741, 10, 272, 110, 63]","[411, 249, 275, 639, 464, 1078]","[97, 116, 10, 236, 63]","[1078, 639, 411, 464, 249]"
633,"[236, 301, 285, 312, 120, 314, 126, 474, 8, 271, 275, 949, 743, 92]","[220, 1198, 324, 1161, 987]","[301, 120, 8, 236, 314]","[987, 220, 324, 1198, 1161]"
636,"[689, 407, 1232, 273, 285, 150]","[830, 1373, 832, 410, 474, 149, 404, 545, 324, 322, 117, 872, 1010, 933, 740, 921, 1243, 6, 300, 8, 243, 930, 12, 146, 234, 1257, 1283]","[273, 150, 285, 689, 1232]","[872, 149, 12, 410, 1257]"
638,"[486, 461, 1193, 706, 777, 177, 614, 212, 482, 693, 13]","[961, 1162, 167, 304, 273, 795, 312, 370, 96, 715, 178, 236, 172, 214, 1064, 989, 322, 284, 864, 99]","[212, 177, 706, 486, 1193]","[864, 99, 370, 273, 795]"
641,"[1038, 920, 719, 104, 209, 132, 49, 965, 595, 258, 1078, 293, 825, 79, 87, 363, 147, 768, 698, 14, 248, 70, 958, 540, 249, 28, 558, 0, 584, 7, 81, 484, 394, 730, 844, 1013, 366, 450, 541, 142, 173, 312, 417, 82, 167, 408, 382, 65, 95, 165, 943, 738, 385, 101, 236, 741, 779, 471, 27, 50, 172, 587, 1077, 410, 415, 931, 185, 406, 20, 383, 384, 120, 925, 392, 927, 207, 171, 63, 68, 1151, 94, 251, 256, 685, 180, 747, 476, 552, 755]","[374, 569, 138, 1479, 443, 233, 1125, 948, 1145, 472, 155, 440, 287, 409, 451, 826]","[120, 540, 741, 79, 0]","[451, 1145, 374, 472, 155]"
647,"[95, 303, 187, 153, 193, 190, 684, 27, 183, 173, 78, 194, 384, 433, 567, 176, 172, 180, 446, 429, 229, 322, 151, 501, 65, 509, 171, 168, 201, 0, 499, 93, 110, 221, 482, 431, 167, 562, 184, 483, 274, 182, 430, 203, 233, 207, 61, 120, 435, 37, 434, 227, 185, 741, 363, 108, 602, 81, 49]","[68, 202, 32, 506, 563, 121, 67, 3, 686, 861, 102, 923, 55, 1091, 996, 224, 1175, 815, 413, 839, 14, 8, 378, 830, 779, 103, 411, 179, 768, 742, 662, 474, 285, 1625]","[61, 120, 433, 482, 562]","[474, 179, 839, 202, 411]"
649,"[629, 49, 479, 483, 142, 133, 482, 207, 172, 442, 510, 478]","[545, 1246, 372, 575, 449, 584]","[49, 483, 207, 442, 478]","[584, 372, 449, 575, 1246]"
652,"[49, 565, 82, 156, 179, 238, 747, 21, 126, 194, 745, 55, 88, 185, 173, 530, 683, 190, 332, 187, 134]","[572, 401, 443, 1043, 575, 435, 1139, 210, 736, 394, 1, 764, 415, 516, 695, 135, 1187, 577, 755, 721, 562, 762, 940, 574, 385, 80, 637, 224, 427, 1266, 778, 1182, 580, 1206, 658, 218, 641, 204, 692, 669, 406, 355, 237, 570, 1045, 409, 471, 370, 1064, 1131]","[190, 82, 332, 88, 745]","[641, 471, 210, 778, 1266]"
653,"[317, 221, 312, 127, 49, 968, 21, 27, 78, 172, 173, 168, 264, 659, 282, 590, 299, 143, 735, 274, 209, 248, 113, 142, 195, 407, 7, 97, 82, 301, 11, 81]","[249, 12, 267, 245, 275, 99, 1164, 1282, 24, 507]","[7, 127, 173, 142, 407]","[245, 249, 507, 275, 24]"
654,"[961, 1193, 186, 1130, 319, 903, 1367, 78, 513, 126, 261, 503, 29, 527, 1642]","[1028, 716, 1643, 1068, 1052, 763, 48, 780, 721, 793, 377]","[78, 1367, 527, 319, 513]","[763, 1028, 1068, 1643, 48]"
668,"[461, 126, 113, 489, 11, 49, 0, 150, 407, 646, 186, 180, 510, 191, 514, 653, 656, 602, 479, 478]","[897, 325, 116, 353, 347, 328, 322]","[407, 11, 656, 191, 478]","[353, 322, 328, 347, 325]"
670,"[249, 384, 203, 257, 684, 575, 240, 32, 3, 95, 741, 160, 11, 567, 256, 471, 49, 158, 180, 209, 88, 173, 545, 287, 122, 61, 65, 37, 6, 171, 236, 561, 117, 254, 552, 194]","[326, 146, 221, 55, 1596, 1490]","[37, 65, 209, 741, 256]","[1490, 221, 1596, 326, 55]"
675,"[264, 180, 343, 168, 171, 49, 0, 256, 131, 317, 113, 844, 915, 172, 63, 21, 167, 327, 192, 301, 173, 479, 992, 254, 99]","[687, 947, 1526, 1653, 681, 507, 12, 287, 351, 894, 889, 294, 686, 1233]","[168, 0, 256, 264, 21]","[287, 1233, 507, 947, 687]"
676,"[306, 1239, 244, 267, 507, 299, 90, 293, 128, 287, 454, 100, 357, 239]","[285, 125, 456, 13, 288, 108, 289, 739]","[287, 90, 267, 244, 239]","[456, 285, 108, 289, 13]"
680,"[285, 293, 1393, 288, 749]","[287, 257, 681, 269, 893]","[288, 749, 1393, 285, 293]","[287, 893, 269, 257, 681]"
681,"[923, 67, 91, 654, 49, 50, 126, 86, 180, 271, 422, 63, 11, 153, 150, 245, 155, 21, 267, 195, 186, 94, 467, 1018, 171, 41, 167, 469, 72, 70]","[351, 596, 79, 290, 411, 722, 861, 303, 475, 581, 46, 658, 230, 823, 242, 222, 1177, 677, 289, 832, 557, 262, 931, 774, 234, 1227, 585, 400, 146]","[21, 195, 171, 469, 72]","[774, 677, 722, 222, 861]"
689,"[217, 97, 63, 434, 237, 207, 356, 152, 68]","[84, 89, 715, 119, 1184, 1117, 239, 628, 704, 513, 46, 427]","[356, 68, 207, 217, 237]","[89, 513, 704, 628, 1184]"
692,"[356, 312, 47, 96, 520, 631, 503, 184, 177]","[1310, 527, 129, 545, 635]","[520, 177, 312, 47, 184]","[635, 545, 129, 1310, 527]"
694,"[318, 1023, 345, 241, 990, 267, 357]","[299, 681, 894, 263, 747]","[318, 345, 267, 357, 990]","[894, 747, 299, 681, 263]"
696,"[712, 300, 272, 149, 301, 122, 276, 241, 123, 267, 0, 750, 282, 106, 128, 747, 472, 299, 978, 49, 269, 6, 327, 126, 283, 256, 245, 1066, 368, 243, 125, 323, 304, 275, 290, 236, 885]","[682, 1244, 1159, 1011, 974, 251, 262, 985, 1021]","[712, 290, 243, 241, 472]","[1021, 251, 974, 1011, 985]"
697,"[82, 49, 528, 209, 189, 171, 172, 612]","[176, 655, 283, 967, 653, 1020, 426, 524, 427, 403, 430, 21, 213, 987, 662]","[171, 209, 49, 189, 172]","[430, 524, 987, 653, 176]"
706,"[530, 169, 1627, 285, 1108, 161, 207, 190, 581, 115, 99, 955, 646, 901, 7, 532, 659, 1173, 1641, 92, 1478, 136, 304, 346, 526, 317, 318, 424, 482, 717, 706, 250, 9, 159, 864, 846, 506, 8, 189, 922, 284, 1023, 344]","[525, 1396, 868, 640, 503, 1141]","[304, 189, 169, 344, 92]","[1396, 640, 868, 525, 503]"
707,"[0, 872, 49, 312, 254, 865, 283, 236, 1151, 257, 117, 318, 844, 221, 739, 180, 761]","[870, 270, 20, 411, 361, 282, 1279, 8, 472, 741, 298, 111, 351, 1078]","[257, 865, 221, 49, 844]","[870, 8, 1279, 20, 1078]"
710,"[268, 482, 698, 136, 706, 195, 462, 339, 693, 715, 131, 734, 9, 247, 723, 965, 88, 276, 7, 419, 142, 1159, 190, 450, 161, 675, 169, 495, 51, 113, 15, 212, 168, 317, 271, 958, 133, 659, 85, 920, 188, 115, 380, 735, 311, 426, 474, 171, 922, 960, 274, 97, 87, 1023, 407, 957, 69, 581, 305, 82, 418, 722, 132, 968]","[1151, 762, 239, 287, 541, 120, 954, 471]","[131, 190, 706, 1159, 97]","[1151, 762, 954, 471, 120]"
714,"[201, 425, 192, 317, 264, 89, 160, 78, 0, 41, 63, 27, 204, 745, 172, 175, 272, 479, 55, 97, 181, 49, 143]","[251, 52, 975, 39, 1214, 253, 1087]","[0, 175, 272, 63, 425]","[52, 1214, 39, 253, 251]"
716,"[286, 24, 292, 267, 321, 301, 474, 245, 281, 1136, 306, 236, 125, 299, 887, 268, 741, 311, 312, 284, 886, 627, 257, 994]","[889, 249, 287, 865, 259]","[887, 627, 286, 1136, 24]","[287, 889, 259, 865, 249]"
718,"[222, 659, 317, 68, 63, 219, 97, 519, 734]","[120, 239, 455, 889, 409, 253, 136]","[68, 97, 63, 519, 659]","[120, 455, 889, 409, 253]"
720,"[49, 327, 356, 392, 299, 526, 21, 195, 193, 989, 174, 172, 178, 470, 215, 76, 180, 1038, 171, 173, 719, 454, 27, 422, 659, 285, 268, 630, 379, 203, 221, 126, 0, 227, 1064, 228, 160]","[357, 263, 64, 333, 405, 808, 947]","[285, 719, 195, 379, 49]","[263, 808, 333, 405, 357]"
726,"[432, 202, 186, 41, 247, 657, 433, 87, 206, 69, 420, 168, 469, 88, 167, 163, 249, 113, 273, 27, 185, 678, 450, 11, 82, 172, 171, 204]","[104, 932, 889, 423, 37, 759, 259, 1221, 439, 1048, 52, 16, 1184, 1249, 1614]","[172, 186, 87, 82, 27]","[439, 52, 37, 259, 104]"
730,"[196, 191, 356, 392, 215, 461, 96, 68, 195, 426, 704, 1502, 169, 142, 212, 526, 63, 189, 693, 654, 602, 201, 214, 495]","[377, 167, 509, 182, 204, 507, 319, 433, 520, 1085, 132, 194, 1274, 1086, 590]","[214, 602, 693, 195, 189]","[509, 132, 167, 433, 1274]"
732,"[18, 13, 1066, 136, 123, 514, 19, 275, 99]","[146, 1022, 545, 276, 543, 249, 932]","[514, 123, 18, 275, 1066]","[543, 249, 276, 545, 146]"
738,"[358, 68, 99, 95, 1428, 525, 326, 1430, 96, 300, 194, 748, 21]","[968, 196, 175, 464, 54, 167, 287]","[1428, 99, 300, 21, 194]","[175, 167, 196, 54, 968]"
744,"[491, 189, 518, 99, 97, 123, 257, 124, 63, 11, 9]","[284, 285, 506, 482, 19, 275, 274, 935]","[518, 124, 97, 99, 491]","[275, 506, 935, 285, 274]"
746,"[207, 22, 222, 431, 47, 485, 302, 179, 660, 182, 442, 653, 86, 1193, 210, 495, 647, 704, 473, 1202, 493, 501, 496, 90, 134, 204, 633, 460, 418, 98, 407, 638, 587, 579, 500, 301, 692, 508, 108, 595, 49, 426, 525, 96, 480, 922, 70, 735, 346, 479, 267, 507, 481, 630, 29, 948, 55, 650, 886, 312, 132, 614, 233, 605, 482, 417, 97, 178, 529, 523, 10, 415, 484, 602, 85, 662, 1133, 68, 518, 524, 261, 422, 214, 474, 187, 7, 583, 356, 492, 317, 186, 958, 461, 528, 161, 284, 841, 181, 403, 503, 135, 791, 603, 319, 497, 478, 581, 63, 234, 1020, 133, 95, 184, 31, 191, 46, 643, 516, 173, 652, 128, 171, 168, 275, 8, 402, 180, 510, 520, 203, 126, 99, 487, 714, 899, 304, 504, 177, 864, 0, 123, 509]","[782, 1027, 28, 300, 1002, 408, 1245, 1178, 1658]","[304, 480, 442, 643, 171]","[1002, 1658, 782, 1027, 28]"
748,"[124, 30, 734, 153, 150, 143, 10, 836, 198, 171, 14, 194, 68, 193, 227, 172, 602, 167, 377, 658, 182, 430, 81, 479, 483, 495, 95, 745, 403, 210, 525, 97, 98, 417, 660, 270, 135, 654, 530, 173, 392, 21, 201, 207, 232, 940, 418, 93, 477, 1015, 180, 469, 49]","[104, 79, 634, 762, 239, 1012, 779, 66, 636, 400]","[194, 477, 227, 1015, 836]","[762, 79, 779, 634, 636]"
750,"[300, 177, 247, 417, 486, 735, 658, 49, 130, 180, 482, 41, 167, 268, 193, 94, 192, 86, 587, 97, 27, 82, 142, 171, 630, 24, 20, 212, 209]","[1660, 733, 590, 380, 1100, 10, 915, 322]","[86, 27, 49, 97, 587]","[10, 380, 322, 590, 733]"
751,"[270, 287, 305, 326, 258, 301, 306, 268, 901]","[285, 309, 325, 288, 321, 344, 620, 886, 322, 1526]","[301, 268, 306, 305, 270]","[325, 322, 285, 1526, 620]"
752,"[514, 483, 482, 198, 214, 293, 70, 426, 656, 97, 312, 172, 268]","[672, 95, 194, 182, 299]","[426, 656, 483, 312, 482]","[672, 194, 299, 95, 182]"
755,"[602, 177, 99, 54, 1148, 142, 918]","[121, 553, 2, 859, 224, 87, 1651]","[54, 918, 99, 1148, 142]","[859, 87, 2, 121, 224]"
757,"[134, 126, 234, 6, 176, 1141, 107, 1084, 55, 152, 286, 80, 323, 63, 606, 162, 285, 68, 633, 655, 315, 1097, 411, 301, 479, 526, 13, 511, 252, 684, 190, 99, 1158, 482, 481, 201, 483, 256, 1051, 182, 488, 546, 293, 212, 473, 779, 656, 185, 1006, 202, 1021, 602, 237, 704, 504, 151, 183, 97, 170, 7, 199, 1038, 1000, 1142, 478, 967, 429, 886, 153, 513, 530, 150, 480, 169, 289, 133, 115, 649, 172, 123, 383, 424, 178, 194, 167, 895, 142, 92, 222, 651, 474, 261, 361, 284, 136, 208, 921, 508, 639, 432, 95, 11, 149, 519, 434, 12, 607, 175, 344, 319, 314, 173, 734, 918]","[154, 688, 763, 122, 747, 1073, 1089, 1291, 327]","[606, 202, 344, 149, 126]","[1073, 1089, 688, 154, 327]"
760,"[545, 147, 180, 49, 1156, 14, 236, 116, 244]","[213, 1276, 0, 260, 1013, 325, 425, 987, 1271, 457, 1286, 456, 1011, 262, 1557, 476, 507]","[180, 116, 236, 545, 147]","[262, 1557, 1013, 213, 987]"
761,"[301, 474, 874, 172, 514, 954]","[115, 1661, 245, 814, 748, 933, 331]","[474, 301, 874, 954, 514]","[115, 245, 748, 814, 1661]"
770,"[82, 236, 257, 27, 948, 274, 70, 708, 1128, 0, 68, 407, 188, 215, 303, 891, 7, 14, 587, 476, 85, 168, 495, 250]","[202, 240, 3, 196, 78, 143, 96, 97]","[587, 82, 0, 250, 303]","[143, 196, 3, 202, 240]"
772,"[168, 1020, 59, 170, 13, 530, 1366, 257, 178, 60, 153, 461, 151, 208, 186, 180, 171, 918, 58, 167, 169, 674, 1528, 49, 407, 188, 22, 152, 126]","[26, 768, 587, 923, 430, 232, 808, 342, 719, 567, 540, 839]","[186, 168, 1366, 49, 126]","[839, 26, 232, 587, 768]"
773,"[178, 237, 226, 518, 201, 678, 179, 777, 529, 192]","[1090, 1418, 575, 526, 293, 53, 562, 870, 104, 671, 1181, 30, 292, 833, 422, 239, 740, 257, 848, 253, 649, 1109, 558, 711, 76, 757, 1, 773, 691, 925, 794, 404, 683, 117, 167, 410, 448, 121, 427, 500, 428, 209, 985, 1078, 230, 392, 43, 807, 306, 446, 544, 57, 272, 28, 553, 196, 7, 90, 584, 317, 405, 731, 409, 384, 120, 450, 234, 443, 149, 547, 654, 99, 1227, 71, 1089, 742, 1214, 517, 87, 566, 1273, 412, 560, 420, 217, 397, 545, 865, 390, 451]","[777, 518, 529, 237, 678]","[428, 575, 28, 1181, 71]"
775,"[233, 167, 126, 510, 21, 660, 473, 191, 49, 655, 707, 27, 513, 482, 508, 173, 190, 88, 509, 523, 548]","[438, 436, 431, 240, 589]","[510, 27, 655, 508, 509]","[436, 240, 589, 438, 431]"
777,"[10, 366, 41, 199, 153, 167]","[77, 1034, 581, 737, 495, 450, 7, 142, 34, 422, 622]","[167, 199, 366, 153, 10]","[77, 737, 34, 142, 495]"
786,"[309, 689, 749, 257, 312]","[270, 349, 1433, 1670, 287, 905]","[257, 749, 312, 689, 309]","[349, 1670, 270, 905, 1433]"
787,"[97, 482, 182, 132, 317, 660, 11, 63, 99, 683, 198, 131, 1125, 285, 588, 497, 240, 175, 88, 422, 509, 527, 21, 202, 510, 299, 27, 156]","[52, 431, 84, 1138, 150, 628]","[317, 422, 132, 131, 527]","[150, 84, 1138, 52, 628]"
789,"[1062, 1281, 97, 41, 761, 116, 14, 272, 297, 215, 249, 240, 21]","[747, 825, 976, 1090, 234, 208, 68, 1243, 1024, 861, 943, 686, 1214, 545, 9]","[240, 297, 215, 116, 41]","[861, 686, 234, 1090, 9]"
794,"[99, 7, 208, 24, 587, 167, 174, 6, 168, 90]","[216, 927, 738, 563, 404, 104]","[208, 174, 99, 90, 6]","[738, 563, 104, 927, 216]"
795,"[86, 495, 167, 173, 366, 3, 116, 175, 1268, 750, 214, 418, 97, 120, 55, 314, 1, 486, 270, 1100, 195, 172, 182, 221, 37, 683, 1040, 596, 180, 401, 691, 186, 154, 88, 587, 49, 738, 150, 483, 315, 11, 482, 450, 68, 227, 784, 65, 152, 297, 160, 292, 229, 249, 731, 944, 85, 256, 143, 236, 477, 264, 203, 142, 199, 632, 404, 384, 78, 7, 215, 485, 341, 194, 146, 659, 332, 370, 87, 747, 661, 76, 126, 273, 327]","[1073, 183, 870, 248, 563, 300, 35, 52, 1125]","[87, 85, 485, 486, 186]","[1073, 52, 248, 300, 870]"
797,"[273, 20, 747, 172, 282, 258, 404, 820, 484, 708, 719, 94, 142, 120, 253, 264, 735, 62, 49, 180, 398, 814, 825, 844, 929]","[718, 939, 1182, 96, 97, 1410, 960, 110]","[120, 929, 747, 62, 282]","[1410, 939, 960, 110, 96]"
802,"[285, 886, 310, 241, 268, 339, 304]","[242, 747, 687, 987, 682, 260]","[285, 241, 304, 339, 886]","[747, 987, 260, 687, 682]"
804,"[474, 469, 442, 167, 663, 199, 182, 237, 32, 146, 136, 174, 222, 153, 1169, 90, 196, 536, 951, 342, 770, 150, 6, 92, 54, 500, 630, 105, 268, 46, 121, 557, 521, 322, 189, 351, 1100, 1109, 450, 508, 1628, 427, 1117, 97, 149, 424, 1064, 99, 233, 431, 644, 356, 921, 1156, 78, 184, 127]","[568, 160, 422, 258, 933, 384, 224, 287, 93, 544, 553, 475, 865, 21, 1001, 738, 337, 154, 293, 430, 370, 405]","[521, 146, 99, 630, 469]","[293, 93, 258, 544, 430]"
814,"[172, 482, 182, 356, 527, 495, 464, 95, 214, 124, 131, 734, 595, 968, 199, 49, 180, 171, 431, 190, 64, 646, 493, 85, 56, 135, 153, 422, 416, 1038, 86, 401, 528, 0, 70, 685, 229, 612, 96, 113, 142, 1203, 426, 836, 658, 189, 132, 312, 731, 704, 526, 264, 227, 587, 238, 317, 918, 514, 213]","[249, 615, 581, 870, 471, 513]","[113, 85, 64, 214, 153]","[249, 615, 581, 513, 870]"
822,"[210, 501, 30, 190, 6, 96, 47, 143, 474, 21, 731, 195, 86, 52, 285, 422, 91, 215, 196, 171, 187, 12, 427, 192, 63, 97, 473, 317, 7, 659, 172, 68, 156, 151, 99, 55, 186, 653, 424, 88, 193, 3, 237, 57, 173, 49, 654, 513, 155, 502, 126, 407, 650, 135, 153, 25, 87, 714, 516, 167, 133]","[1216, 373, 449, 639, 226]","[52, 25, 172, 171, 96]","[226, 449, 1216, 639, 373]"
824,"[422, 985, 6, 297, 471, 173, 175, 11, 116, 1243, 545, 983, 384, 244, 249, 124, 686, 321, 981, 290, 929, 120, 404, 194, 324, 221, 565, 596, 747, 146, 251, 272, 745, 97]","[275, 121, 288, 1253, 1007, 287, 918]","[745, 981, 175, 686, 297]","[918, 275, 288, 287, 1253]"
827,"[18, 959, 60, 957, 339, 269, 511, 58, 315, 651]","[346, 1055, 1621, 885, 5, 751, 344, 736]","[651, 957, 60, 58, 959]","[885, 751, 344, 736, 1055]"
829,"[68, 99, 510, 21, 125, 204, 49, 312, 180, 201, 434, 479, 225, 264, 209, 97, 171, 587, 497, 483, 473, 553, 192, 549, 173, 426, 731, 398, 48, 486, 647, 836, 88]","[412, 287, 789, 819, 28, 423, 833]","[21, 171, 180, 125, 99]","[423, 833, 28, 789, 412]"
832,"[339, 186, 159, 126, 153, 202, 487, 184, 182, 1596, 194, 653, 208, 615, 95, 176, 922, 670, 588, 167, 88, 507, 181, 133, 191, 1018, 270, 345, 22, 31, 1186, 297, 46, 1069, 446, 178, 645, 179, 11, 10, 473]","[543, 160, 120, 440, 830, 203, 52, 1015, 596, 402, 185, 450, 669, 572, 4, 451, 248, 666, 288, 1028, 1209, 580, 37, 577, 229, 818, 576, 1273, 823, 266, 801, 283, 25, 1005, 539, 1180]","[153, 133, 645, 473, 208]","[120, 185, 818, 25, 596]"
836,"[282, 288, 150, 124, 1008, 739]","[534, 275, 1046, 762, 283, 1048, 925, 716]","[124, 150, 1008, 739, 288]","[1048, 534, 762, 716, 925]"
838,"[474, 284, 1084, 49, 116, 126, 457]","[1663, 320, 318, 409, 1047]","[49, 474, 116, 1084, 457]","[1047, 320, 318, 1663, 409]"
845,"[565, 204, 602, 600, 647, 192, 482, 32, 519, 54, 85, 658, 131, 185, 179, 769, 227, 503, 836, 237, 481, 268, 479, 527, 49, 485, 1472, 1117, 189, 1, 653, 493, 492, 167, 190, 608, 529, 611, 201, 683, 487, 178, 142, 504, 68, 183, 41, 3, 126, 400, 430, 184, 641, 750, 483, 558, 696, 484, 207, 55, 197, 512, 692, 264, 10, 561, 473, 173, 233, 656, 202, 526, 447, 424, 835, 88, 46, 232, 11, 579, 793, 301, 418, 214, 514, 496, 211, 180, 270, 181, 462, 47, 384, 613, 469, 510, 174, 614, 27, 191, 198, 434, 395, 649, 209, 317]","[795, 397, 399, 425, 1028, 1208, 639, 43, 622, 559]","[32, 529, 653, 510, 197]","[639, 1208, 425, 795, 397]"
846,"[371, 257, 108, 172, 1136, 238, 300, 288, 1166, 1399, 261, 651, 221]","[1171, 762, 224, 925, 409, 947, 755, 410, 455, 260, 242, 92, 1011, 55, 368, 234, 819, 156, 239, 119]","[257, 108, 371, 261, 1136]","[1011, 455, 1171, 410, 925]"
850,"[692, 10, 271, 526, 171, 404, 741, 237, 49, 1015, 272, 270, 143, 181, 345, 914, 249, 346, 63, 159, 339, 55, 91, 301, 21, 126, 1142, 297, 332, 590, 874, 830, 179, 309, 479, 173, 294, 317, 16, 3]","[986, 1313, 681, 351, 980, 1093, 1033, 680, 1286, 111, 331, 1253]","[590, 272, 159, 317, 10]","[1033, 680, 111, 1313, 986]"
853,"[317, 199, 92, 292, 921, 287, 237, 7, 11, 99, 8, 63, 123, 55, 468, 492, 10, 131]","[254, 2, 1060, 224, 263, 327, 1046, 120, 471, 285, 122, 321, 1012, 289]","[123, 63, 131, 92, 10]","[263, 122, 289, 471, 120]"
862,"[901, 332, 314, 325, 360, 257, 312, 345, 267, 305, 323, 327, 326, 333, 299, 306, 309, 271, 285, 894, 342, 315]","[351, 302, 1037, 348, 897, 876, 1677, 341, 1312, 321, 900, 349, 682, 907, 258, 884, 989, 361, 353]","[285, 360, 332, 315, 342]","[258, 341, 349, 876, 353]"
864,"[6, 168, 918, 301, 846, 546, 1239, 407, 1008]","[1027, 927, 824, 596, 844, 100, 110, 431, 471, 1010, 120, 626, 545, 270, 70, 117, 500, 1046, 411, 98, 107, 94, 762, 945, 410, 417, 455, 0, 830, 470, 624, 925, 742]","[301, 1008, 546, 918, 168]","[762, 500, 1046, 455, 411]"
867,"[205, 182, 650, 150, 209, 149, 177, 454, 239, 135, 411, 49, 227, 197, 1097, 407, 188, 921, 22, 127, 180, 639, 60, 645, 63, 168, 113, 316, 1239, 54, 99, 6, 11, 198, 134, 173, 171]","[1030, 397, 1479, 567, 1034, 72, 231, 166, 224, 416, 469, 566, 824, 226, 401, 684, 93, 782, 1508, 578, 138, 144, 236, 842, 945, 141, 157, 565, 1036, 1187, 587, 1075, 1182, 404]","[639, 63, 99, 239, 177]","[231, 684, 1030, 945, 224]"
868,"[411, 514, 99, 126, 150]","[117, 283, 1133, 755, 14, 1060, 814, 475, 1131]","[411, 150, 514, 99, 126]","[814, 755, 14, 475, 283]"
877,"[426, 529, 735, 415, 495, 480, 473, 528, 317, 13, 284, 63, 662, 511, 152]","[1064, 150, 661, 639, 534, 780, 1040, 701, 233, 698]","[63, 473, 317, 152, 480]","[780, 701, 639, 698, 233]"
879,"[650, 294, 203, 49, 180, 181, 346, 11, 345, 271, 602, 184, 123, 99, 143, 41, 175, 315, 179, 67, 27, 245, 567, 63, 207, 55, 422, 356, 692, 301, 176, 1133, 233, 126, 256, 186, 314, 97, 171, 190, 193, 22, 317, 272, 267]","[782, 720, 367, 594, 1051, 374, 1214, 40, 368, 1184, 66, 406, 584, 2]","[422, 67, 315, 245, 126]","[584, 367, 2, 66, 406]"
880,"[662, 179, 48, 600, 221, 178, 97, 116, 442, 173, 133, 332, 624, 264, 275, 120, 527, 525, 124, 529, 50, 356, 391, 191, 413, 192, 63, 184, 21, 198, 142, 418, 27, 519, 579, 494, 510, 256, 650, 1216, 190, 81, 30, 731]","[102, 400, 1539, 825, 374, 553, 450, 55, 455, 1088, 411, 1214, 1176, 239, 1032, 237, 288, 541, 581, 13, 704, 1056, 1163, 678]","[173, 191, 133, 418, 731]","[411, 581, 455, 825, 1032]"
884,"[209, 0, 69, 96, 188, 236, 317, 659, 168, 273, 173]","[71, 178, 28, 289, 1029]","[173, 0, 188, 236, 273]","[28, 1029, 178, 289, 71]"
885,"[146, 107, 172, 6, 160, 317, 128, 171, 650, 656, 474, 78, 177, 267, 1066, 720, 1009, 8, 11, 190, 215, 179, 63, 94, 1013, 41, 761, 832, 173, 180, 1466, 182, 49, 10]","[159, 1302, 117, 696, 370, 387, 581, 622, 714, 825, 782, 725, 465, 798, 28, 1488, 771, 511, 1092, 545, 52]","[190, 761, 10, 94, 171]","[511, 714, 545, 1302, 465]"
886,"[1014, 992, 368, 0, 110, 278, 1135, 209, 1539, 180, 1034, 632, 691, 98, 709, 205, 90, 870, 86, 37, 364, 23, 759, 925, 762, 317, 1115, 175, 420, 968, 46, 293, 27, 139, 561, 596, 411, 239, 1028, 21, 171, 201, 754, 124, 120, 256, 595, 108, 117, 150, 127, 1119, 64, 431, 464, 927, 55, 142, 114, 49, 377, 304, 454, 367, 1083, 404, 288, 1046, 203, 1282, 1027, 672, 755, 719, 1059, 70, 89, 121, 426, 217, 419]","[1011, 199, 825, 1472, 257, 182, 1078, 696, 717, 698, 476, 654, 475, 242, 141, 12, 547, 928, 273, 1062]","[256, 217, 1059, 89, 968]","[1472, 696, 242, 141, 12]"
888,"[1588, 195, 55, 128, 461, 185, 514, 172, 63, 152, 193, 10, 511, 177, 651, 149, 11, 1112, 1072, 32, 168, 479, 155, 187, 127, 918, 41, 198]","[1138, 513, 1238, 337, 1068]","[11, 55, 149, 511, 198]","[1138, 1068, 337, 513, 1238]"
895,"[524, 135, 272, 97, 214, 173, 227, 215, 133, 186, 428, 88, 21, 769, 49, 7, 326, 87, 82, 189, 236, 202, 704, 180, 126, 172, 179, 171, 492, 659, 240, 488, 257, 78, 68, 477, 587, 70, 175, 95, 510]","[402, 751, 457, 324, 19, 357, 298, 270, 342, 85, 823, 695, 26, 1436, 1470, 718, 52, 1230, 1219, 741, 144, 809, 230, 91, 449, 719, 327, 664, 398, 234, 224]","[78, 488, 477, 175, 97]","[719, 324, 234, 809, 751]"
898,"[693, 208, 215, 153, 281, 495, 94, 78, 49, 120, 152, 257, 1100, 173, 426, 739, 27, 723, 193]","[230, 639, 50, 409, 746, 430, 716]","[208, 426, 173, 152, 94]","[50, 430, 409, 746, 230]"
900,"[21, 11, 227, 143, 475, 567, 95, 565, 1619, 160, 173, 418, 519, 229, 1040, 27, 154, 1388, 863, 81, 377, 62, 72, 392, 434, 193, 171, 390, 194, 738, 0, 203, 87, 1604, 1642, 428, 68, 65, 731, 14]","[12, 55, 90, 19, 320]","[863, 1642, 519, 14, 171]","[19, 320, 55, 90, 12]"
912,"[57, 356, 526, 143, 174, 173, 268, 88, 172, 612, 8, 6, 199, 18, 175, 63, 190, 227, 473, 418, 130, 656, 95, 55, 21, 142, 407, 171, 288]","[300, 259, 1111, 116, 234, 226, 342, 595]","[55, 190, 63, 95, 8]","[234, 595, 342, 226, 259]"
915,"[99, 80, 13, 133, 49, 211, 47, 245, 8, 55, 511, 510, 918, 482, 267, 41, 179, 424, 57, 91, 63, 88, 173, 171, 136, 97, 51, 420, 1008, 155]","[830, 577, 930, 977, 824, 146, 1216]","[80, 155, 49, 63, 55]","[977, 930, 824, 830, 1216]"
917,"[427, 136, 189, 212, 706, 1136, 1638, 854, 380, 971, 506, 88]","[203, 134, 132, 1264, 429, 71, 152, 339, 160]","[1638, 136, 88, 506, 189]","[132, 152, 160, 339, 71]"
918,"[1100, 56, 14, 507, 317, 581, 57, 284, 99, 139, 557, 714, 97, 275, 312, 128, 235, 81, 422, 274, 63, 92, 418, 381, 339, 190, 8, 276, 21, 271]","[167, 3, 686, 747, 19, 874]","[81, 381, 99, 271, 581]","[686, 167, 19, 874, 3]"
920,"[312, 180, 172, 814, 1031, 132, 120, 327, 65, 195, 221, 677, 418, 658, 173, 142]","[1046, 368, 274, 928, 239, 127, 1286, 244, 275]","[65, 172, 173, 120, 132]","[274, 275, 1046, 127, 368]"
921,"[88, 201, 150, 171, 264, 172, 49, 173, 97, 948, 426, 21, 180, 0, 10, 431, 918]","[55, 475, 446, 833, 218, 410, 1078]","[49, 948, 172, 171, 10]","[833, 410, 475, 55, 1078]"
926,"[221, 293, 227, 379, 14, 366, 1088, 229, 287, 299, 392, 404, 71, 256, 94, 587, 419, 540, 28, 120, 10, 70, 754, 63, 567, 1015, 117, 95, 0, 209, 741, 37]","[273, 779, 104, 409, 277, 411, 216]","[1015, 117, 754, 94, 587]","[104, 409, 277, 216, 273]"
932,"[63, 97, 178, 473, 126, 55, 179, 99, 21]","[576, 230, 432, 218, 549, 109, 933, 450, 1245, 452, 20, 764, 1227, 387, 574, 939, 383, 568, 1187, 228, 52, 231, 93, 664, 577, 183, 833, 596, 61, 41, 423, 66, 226, 575, 448, 678, 451, 584, 958, 390, 1036, 221]","[21, 473, 126, 97, 179]","[448, 452, 109, 52, 678]"
933,"[49, 196, 296, 201, 222, 404, 207, 1448, 173, 513, 487, 431, 662, 55, 528, 962, 659, 171, 3, 12, 413, 152, 731, 88, 190, 509, 1202, 68, 195]","[1424, 1036, 817, 208, 1310, 785, 215]","[88, 173, 68, 413, 196]","[1310, 817, 215, 1036, 208]"
937,"[312, 1011, 180, 369, 1027, 110, 126, 865, 49, 221, 927, 120, 287, 257, 595, 117, 99, 272, 105, 256, 992]","[121, 476, 104, 828, 254, 234, 1253, 455, 409, 844, 247, 288]","[120, 927, 257, 180, 272]","[844, 476, 121, 409, 234]"
939,"[95, 193, 7, 55, 94, 854, 426, 299, 481, 708, 257, 507, 312, 353]","[354, 609, 1400, 357, 263]","[299, 854, 257, 7, 426]","[357, 1400, 263, 609, 354]"
942,"[185, 214, 11, 470, 183, 126, 942, 54, 720, 927, 97, 484, 41, 63, 181, 78, 507, 186, 474, 232, 281, 613, 99, 1, 193, 55, 204, 172, 238, 200, 91, 68, 195, 671]","[569, 548, 50, 719, 449, 121, 398, 226, 448, 229, 723, 385, 940, 584, 400, 138, 414]","[720, 671, 613, 200, 172]","[719, 569, 448, 449, 400]"
